Id,overall
0,1
1,1
2,1
3,1
4,1
5,1
6,1
7,1
8,1
9,3
10,1
11,2
12,5
13,1
14,1
15,1
16,5
17,1
18,1
19,1
20,3
21,1
22,5
23,5
24,1
25,1
26,1
27,1
28,1
29,2
30,2
31,1
32,3
33,5
34,1
35,5
36,1
37,1
38,1
39,1
40,1
41,1
42,1
43,1
44,1
45,1
46,1
47,1
48,5
49,1
50,1
51,1
52,1
53,2
54,1
55,1
56,5
57,1
58,1
59,1
60,1
61,5
62,5
63,5
64,5
65,1
66,1
67,1
68,5
69,2
70,1
71,1
72,5
73,1
74,1
75,4
76,1
77,1
78,1
79,1
80,5
81,1
82,1
83,3
84,1
85,1
86,1
87,1
88,1
89,1
90,4
91,1
92,1
93,5
94,4
95,1
96,3
97,5
98,4
99,1
100,1
101,5
102,1
103,5
104,1
105,1
106,1
107,5
108,1
109,1
110,1
111,1
112,1
113,2
114,5
115,1
116,1
117,5
118,1
119,2
120,5
121,1
122,1
123,1
124,1
125,1
126,1
127,1
128,3
129,1
130,2
131,1
132,1
133,1
134,2
135,1
136,1
137,2
138,1
139,5
140,1
141,3
142,1
143,1
144,1
145,3
146,1
147,1
148,1
149,5
150,1
151,1
152,1
153,4
154,3
155,1
156,5
157,1
158,4
159,3
160,5
161,5
162,1
163,1
164,1
165,1
166,1
167,1
168,1
169,5
170,5
171,1
172,1
173,1
174,1
175,2
176,1
177,1
178,1
179,1
180,1
181,1
182,1
183,1
184,1
185,1
186,1
187,4
188,1
189,1
190,1
191,2
192,2
193,1
194,5
195,2
196,2
197,1
198,5
199,1
200,1
201,5
202,3
203,1
204,5
205,1
206,1
207,1
208,1
209,1
210,1
211,1
212,1
213,1
214,1
215,1
216,3
217,1
218,1
219,3
220,3
221,3
222,1
223,1
224,1
225,4
226,1
227,1
228,3
229,2
230,5
231,1
232,1
233,1
234,1
235,1
236,3
237,1
238,1
239,1
240,2
241,5
242,1
243,5
244,1
245,4
246,3
247,3
248,1
249,1
250,5
251,1
252,1
253,1
254,1
255,1
256,1
257,4
258,1
259,3
260,1
261,1
262,1
263,1
264,2
265,1
266,5
267,1
268,1
269,1
270,1
271,5
272,1
273,1
274,4
275,1
276,1
277,1
278,1
279,5
280,1
281,1
282,1
283,5
284,1
285,3
286,5
287,5
288,4
289,1
290,5
291,1
292,1
293,1
294,1
295,1
296,1
297,1
298,4
299,1
300,2
301,5
302,3
303,1
304,4
305,2
306,1
307,1
308,1
309,1
310,1
311,1
312,5
313,1
314,1
315,1
316,1
317,1
318,1
319,1
320,1
321,4
322,2
323,1
324,3
325,1
326,1
327,1
328,1
329,4
330,1
331,1
332,5
333,1
334,5
335,1
336,1
337,5
338,2
339,1
340,1
341,1
342,1
343,5
344,1
345,1
346,2
347,3
348,2
349,5
350,1
351,1
352,1
353,1
354,1
355,1
356,1
357,1
358,1
359,1
360,1
361,4
362,2
363,5
364,1
365,1
366,1
367,1
368,1
369,1
370,1
371,1
372,1
373,1
374,1
375,1
376,5
377,1
378,1
379,4
380,1
381,1
382,1
383,1
384,1
385,5
386,2
387,1
388,5
389,3
390,1
391,1
392,1
393,3
394,1
395,2
396,5
397,1
398,5
399,3
400,2
401,1
402,1
403,1
404,1
405,5
406,1
407,5
408,1
409,1
410,1
411,5
412,2
413,2
414,1
415,2
416,1
417,5
418,3
419,5
420,2
421,1
422,1
423,2
424,1
425,1
426,4
427,1
428,1
429,1
430,5
431,1
432,1
433,5
434,1
435,1
436,1
437,5
438,1
439,1
440,1
441,1
442,1
443,1
444,1
445,5
446,5
447,5
448,1
449,5
450,1
451,5
452,1
453,1
454,1
455,1
456,1
457,5
458,1
459,3
460,5
461,5
462,1
463,1
464,1
465,4
466,1
467,1
468,1
469,1
470,1
471,1
472,1
473,1
474,2
475,1
476,1
477,5
478,2
479,1
480,1
481,1
482,5
483,1
484,1
485,1
486,5
487,1
488,1
489,1
490,1
491,1
492,1
493,1
494,1
495,1
496,1
497,5
498,1
499,1
500,2
501,2
502,5
503,1
504,4
505,2
506,4
507,4
508,2
509,2
510,5
511,4
512,5
513,1
514,1
515,5
516,1
517,5
518,5
519,1
520,1
521,5
522,5
523,1
524,2
525,1
526,5
527,5
528,1
529,1
530,1
531,5
532,5
533,1
534,1
535,1
536,1
537,1
538,1
539,1
540,1
541,1
542,1
543,1
544,1
545,1
546,1
547,5
548,1
549,1
550,5
551,1
552,1
553,1
554,1
555,2
556,1
557,1
558,2
559,1
560,1
561,3
562,1
563,5
564,5
565,1
566,1
567,1
568,1
569,1
570,1
571,1
572,5
573,1
574,3
575,3
576,1
577,2
578,3
579,5
580,1
581,1
582,1
583,1
584,1
585,1
586,5
587,1
588,3
589,4
590,5
591,1
592,1
593,1
594,1
595,1
596,1
597,4
598,5
599,1
600,1
601,1
602,3
603,1
604,1
605,2
606,3
607,2
608,1
609,1
610,1
611,3
612,3
613,1
614,5
615,1
616,3
617,1
618,5
619,5
620,1
621,5
622,1
623,1
624,1
625,1
626,2
627,4
628,5
629,1
630,5
631,1
632,1
633,1
634,1
635,1
636,1
637,1
638,5
639,5
640,1
641,1
642,5
643,1
644,1
645,5
646,2
647,1
648,1
649,1
650,5
651,1
652,1
653,1
654,1
655,5
656,1
657,1
658,1
659,1
660,1
661,1
662,1
663,1
664,1
665,1
666,1
667,5
668,5
669,1
670,1
671,1
672,1
673,1
674,3
675,2
676,1
677,3
678,1
679,1
680,5
681,1
682,1
683,1
684,1
685,5
686,1
687,1
688,1
689,1
690,1
691,3
692,1
693,2
694,1
695,1
696,1
697,1
698,1
699,2
700,1
701,1
702,1
703,1
704,5
705,5
706,1
707,1
708,1
709,1
710,1
711,1
712,1
713,1
714,5
715,1
716,1
717,1
718,2
719,3
720,5
721,1
722,1
723,1
724,3
725,5
726,1
727,1
728,1
729,5
730,1
731,1
732,1
733,1
734,5
735,1
736,1
737,1
738,1
739,5
740,2
741,1
742,2
743,1
744,5
745,1
746,1
747,1
748,1
749,1
750,5
751,1
752,1
753,1
754,1
755,1
756,1
757,1
758,5
759,1
760,1
761,1
762,2
763,1
764,5
765,3
766,1
767,5
768,1
769,1
770,1
771,5
772,1
773,5
774,1
775,1
776,5
777,5
778,2
779,1
780,5
781,1
782,5
783,1
784,1
785,3
786,2
787,3
788,1
789,1
790,5
791,1
792,1
793,1
794,5
795,1
796,1
797,5
798,1
799,5
800,3
801,1
802,1
803,1
804,1
805,3
806,1
807,1
808,5
809,1
810,2
811,5
812,1
813,1
814,4
815,1
816,5
817,3
818,4
819,1
820,1
821,5
822,1
823,5
824,1
825,1
826,1
827,1
828,1
829,5
830,1
831,1
832,1
833,1
834,5
835,5
836,1
837,1
838,5
839,1
840,3
841,1
842,2
843,1
844,1
845,5
846,1
847,1
848,1
849,1
850,1
851,1
852,1
853,1
854,5
855,4
856,1
857,2
858,1
859,2
860,1
861,1
862,3
863,1
864,1
865,1
866,3
867,1
868,1
869,3
870,5
871,1
872,1
873,3
874,1
875,1
876,1
877,1
878,4
879,1
880,1
881,3
882,1
883,1
884,1
885,5
886,1
887,5
888,5
889,2
890,1
891,5
892,1
893,1
894,1
895,1
896,1
897,1
898,1
899,1
900,5
901,1
902,3
903,1
904,4
905,1
906,5
907,5
908,1
909,4
910,1
911,1
912,5
913,5
914,5
915,1
916,5
917,1
918,1
919,1
920,1
921,2
922,1
923,2
924,1
925,5
926,1
927,1
928,1
929,3
930,1
931,1
932,5
933,1
934,1
935,1
936,3
937,5
938,5
939,4
940,1
941,1
942,1
943,1
944,1
945,2
946,1
947,2
948,4
949,2
950,1
951,3
952,1
953,1
954,1
955,1
956,1
957,1
958,1
959,1
960,1
961,1
962,3
963,1
964,4
965,1
966,1
967,2
968,1
969,2
970,1
971,1
972,5
973,1
974,1
975,1
976,1
977,1
978,1
979,1
980,1
981,1
982,1
983,1
984,1
985,1
986,1
987,3
988,1
989,1
990,1
991,1
992,1
993,1
994,1
995,1
996,1
997,1
998,1
999,1
1000,5
1001,5
1002,5
1003,1
1004,5
1005,2
1006,1
1007,2
1008,1
1009,1
1010,1
1011,1
1012,1
1013,1
1014,1
1015,1
1016,2
1017,4
1018,1
1019,5
1020,3
1021,3
1022,1
1023,1
1024,4
1025,3
1026,1
1027,1
1028,5
1029,1
1030,1
1031,1
1032,1
1033,1
1034,1
1035,5
1036,1
1037,1
1038,1
1039,2
1040,1
1041,1
1042,1
1043,3
1044,1
1045,1
1046,1
1047,1
1048,1
1049,2
1050,1
1051,1
1052,1
1053,1
1054,1
1055,1
1056,3
1057,1
1058,2
1059,5
1060,5
1061,1
1062,1
1063,5
1064,1
1065,5
1066,3
1067,1
1068,1
1069,1
1070,1
1071,5
1072,5
1073,1
1074,2
1075,4
1076,1
1077,4
1078,1
1079,4
1080,1
1081,5
1082,1
1083,5
1084,1
1085,5
1086,2
1087,1
1088,5
1089,1
1090,1
1091,1
1092,1
1093,1
1094,1
1095,1
1096,5
1097,1
1098,5
1099,3
1100,1
1101,1
1102,1
1103,1
1104,1
1105,1
1106,5
1107,1
1108,1
1109,1
1110,5
1111,1
1112,4
1113,1
1114,1
1115,4
1116,5
1117,1
1118,3
1119,1
1120,1
1121,1
1122,1
1123,5
1124,1
1125,1
1126,1
1127,1
1128,1
1129,1
1130,1
1131,1
1132,1
1133,4
1134,5
1135,1
1136,2
1137,1
1138,1
1139,1
1140,1
1141,1
1142,1
1143,1
1144,1
1145,1
1146,2
1147,1
1148,5
1149,2
1150,3
1151,1
1152,1
1153,1
1154,1
1155,1
1156,1
1157,5
1158,4
1159,1
1160,1
1161,1
1162,1
1163,1
1164,1
1165,5
1166,3
1167,1
1168,1
1169,1
1170,1
1171,5
1172,5
1173,3
1174,1
1175,1
1176,1
1177,1
1178,1
1179,4
1180,3
1181,1
1182,1
1183,3
1184,1
1185,5
1186,1
1187,1
1188,1
1189,2
1190,5
1191,1
1192,1
1193,1
1194,1
1195,1
1196,1
1197,3
1198,1
1199,1
1200,2
1201,1
1202,1
1203,1
1204,5
1205,1
1206,1
1207,1
1208,5
1209,1
1210,1
1211,1
1212,1
1213,1
1214,5
1215,5
1216,1
1217,1
1218,1
1219,1
1220,1
1221,1
1222,5
1223,1
1224,2
1225,2
1226,1
1227,1
1228,1
1229,1
1230,5
1231,3
1232,1
1233,5
1234,1
1235,5
1236,1
1237,1
1238,1
1239,1
1240,1
1241,1
1242,1
1243,1
1244,1
1245,1
1246,1
1247,1
1248,1
1249,3
1250,1
1251,5
1252,5
1253,1
1254,1
1255,4
1256,1
1257,1
1258,1
1259,3
1260,5
1261,1
1262,1
1263,1
1264,1
1265,1
1266,1
1267,1
1268,1
1269,1
1270,1
1271,3
1272,1
1273,1
1274,1
1275,5
1276,5
1277,1
1278,5
1279,1
1280,5
1281,1
1282,1
1283,3
1284,1
1285,4
1286,5
1287,1
1288,1
1289,1
1290,1
1291,1
1292,5
1293,1
1294,2
1295,1
1296,1
1297,1
1298,2
1299,1
1300,1
1301,5
1302,5
1303,5
1304,1
1305,3
1306,1
1307,1
1308,3
1309,2
1310,4
1311,1
1312,1
1313,1
1314,1
1315,2
1316,1
1317,5
1318,1
1319,5
1320,1
1321,1
1322,1
1323,2
1324,1
1325,4
1326,1
1327,1
1328,5
1329,1
1330,1
1331,1
1332,5
1333,1
1334,2
1335,1
1336,1
1337,1
1338,1
1339,5
1340,4
1341,1
1342,2
1343,1
1344,1
1345,3
1346,5
1347,1
1348,2
1349,1
1350,1
1351,1
1352,2
1353,1
1354,5
1355,1
1356,3
1357,1
1358,1
1359,1
1360,1
1361,2
1362,2
1363,1
1364,1
1365,3
1366,3
1367,1
1368,1
1369,4
1370,1
1371,5
1372,4
1373,2
1374,5
1375,1
1376,1
1377,1
1378,1
1379,5
1380,5
1381,3
1382,1
1383,1
1384,5
1385,1
1386,1
1387,1
1388,1
1389,2
1390,1
1391,1
1392,5
1393,1
1394,1
1395,1
1396,1
1397,1
1398,1
1399,1
1400,1
1401,1
1402,2
1403,5
1404,2
1405,2
1406,5
1407,5
1408,1
1409,1
1410,1
1411,1
1412,5
1413,2
1414,1
1415,1
1416,3
1417,5
1418,1
1419,4
1420,1
1421,4
1422,1
1423,2
1424,1
1425,1
1426,1
1427,1
1428,1
1429,1
1430,3
1431,5
1432,2
1433,1
1434,1
1435,1
1436,1
1437,1
1438,3
1439,1
1440,1
1441,1
1442,1
1443,1
1444,2
1445,1
1446,1
1447,5
1448,2
1449,1
1450,1
1451,1
1452,1
1453,5
1454,1
1455,1
1456,1
1457,1
1458,1
1459,1
1460,1
1461,1
1462,1
1463,1
1464,1
1465,1
1466,1
1467,1
1468,1
1469,4
1470,1
1471,1
1472,1
1473,2
1474,1
1475,1
1476,1
1477,1
1478,5
1479,1
1480,2
1481,2
1482,1
1483,3
1484,1
1485,1
1486,1
1487,2
1488,2
1489,1
1490,5
1491,1
1492,1
1493,1
1494,2
1495,1
1496,1
1497,1
1498,1
1499,3
1500,1
1501,1
1502,1
1503,5
1504,5
1505,5
1506,1
1507,1
1508,1
1509,1
1510,1
1511,2
1512,3
1513,2
1514,1
1515,1
1516,2
1517,5
1518,1
1519,1
1520,5
1521,5
1522,1
1523,5
1524,1
1525,1
1526,1
1527,5
1528,1
1529,1
1530,2
1531,1
1532,1
1533,1
1534,4
1535,1
1536,1
1537,1
1538,2
1539,1
1540,1
1541,1
1542,3
1543,5
1544,1
1545,5
1546,2
1547,1
1548,1
1549,1
1550,1
1551,1
1552,1
1553,1
1554,1
1555,1
1556,1
1557,1
1558,5
1559,5
1560,1
1561,5
1562,1
1563,1
1564,1
1565,1
1566,1
1567,1
1568,5
1569,1
1570,1
1571,4
1572,5
1573,1
1574,1
1575,2
1576,5
1577,1
1578,1
1579,1
1580,1
1581,5
1582,4
1583,1
1584,3
1585,5
1586,1
1587,1
1588,1
1589,1
1590,1
1591,1
1592,3
1593,2
1594,1
1595,1
1596,1
1597,5
1598,1
1599,1
1600,1
1601,5
1602,1
1603,1
1604,1
1605,1
1606,1
1607,1
1608,3
1609,1
1610,1
1611,1
1612,1
1613,1
1614,5
1615,1
1616,1
1617,4
1618,1
1619,4
1620,1
1621,5
1622,5
1623,1
1624,5
1625,5
1626,1
1627,1
1628,2
1629,3
1630,1
1631,1
1632,1
1633,1
1634,1
1635,1
1636,1
1637,1
1638,1
1639,1
1640,1
1641,1
1642,1
1643,1
1644,1
1645,1
1646,1
1647,3
1648,4
1649,5
1650,1
1651,1
1652,1
1653,2
1654,1
1655,1
1656,3
1657,1
1658,5
1659,1
1660,1
1661,4
1662,2
1663,1
1664,5
1665,1
1666,1
1667,1
1668,4
1669,1
1670,1
1671,1
1672,1
1673,1
1674,1
1675,1
1676,1
1677,1
1678,1
1679,1
1680,1
1681,1
1682,1
1683,1
1684,1
1685,1
1686,5
1687,3
1688,1
1689,1
1690,1
1691,1
1692,4
1693,1
1694,1
1695,3
1696,1
1697,1
1698,5
1699,1
1700,1
1701,1
1702,1
1703,1
1704,1
1705,1
1706,2
1707,1
1708,1
1709,1
1710,1
1711,1
1712,1
1713,5
1714,1
1715,2
1716,1
1717,3
1718,5
1719,1
1720,1
1721,1
1722,2
1723,1
1724,1
1725,1
1726,1
1727,1
1728,5
1729,1
1730,2
1731,5
1732,4
1733,1
1734,2
1735,1
1736,5
1737,1
1738,5
1739,4
1740,1
1741,1
1742,1
1743,1
1744,1
1745,1
1746,1
1747,1
1748,1
1749,1
1750,1
1751,1
1752,1
1753,3
1754,2
1755,1
1756,1
1757,1
1758,5
1759,1
1760,1
1761,1
1762,1
1763,5
1764,1
1765,3
1766,1
1767,1
1768,3
1769,1
1770,1
1771,5
1772,1
1773,1
1774,4
1775,5
1776,3
1777,1
1778,1
1779,1
1780,2
1781,5
1782,1
1783,3
1784,1
1785,1
1786,5
1787,2
1788,1
1789,1
1790,1
1791,2
1792,1
1793,1
1794,5
1795,1
1796,1
1797,1
1798,1
1799,1
1800,2
1801,1
1802,1
1803,1
1804,5
1805,1
1806,2
1807,1
1808,1
1809,1
1810,1
1811,5
1812,1
1813,1
1814,1
1815,1
1816,1
1817,1
1818,1
1819,1
1820,1
1821,1
1822,1
1823,4
1824,5
1825,1
1826,1
1827,1
1828,5
1829,5
1830,1
1831,1
1832,5
1833,1
1834,1
1835,1
1836,1
1837,1
1838,3
1839,2
1840,5
1841,5
1842,1
1843,1
1844,1
1845,4
1846,1
1847,3
1848,5
1849,1
1850,3
1851,5
1852,1
1853,1
1854,2
1855,1
1856,2
1857,3
1858,1
1859,2
1860,1
1861,5
1862,1
1863,1
1864,3
1865,3
1866,1
1867,1
1868,1
1869,1
1870,1
1871,5
1872,1
1873,5
1874,3
1875,1
1876,3
1877,1
1878,5
1879,1
1880,1
1881,5
1882,1
1883,2
1884,1
1885,1
1886,1
1887,1
1888,1
1889,5
1890,1
1891,1
1892,1
1893,1
1894,5
1895,5
1896,1
1897,1
1898,5
1899,1
1900,1
1901,1
1902,2
1903,1
1904,5
1905,2
1906,1
1907,5
1908,1
1909,3
1910,4
1911,4
1912,1
1913,1
1914,1
1915,5
1916,1
1917,1
1918,1
1919,1
1920,4
1921,1
1922,5
1923,1
1924,3
1925,1
1926,5
1927,1
1928,1
1929,1
1930,5
1931,5
1932,1
1933,1
1934,1
1935,1
1936,5
1937,1
1938,1
1939,5
1940,2
1941,1
1942,1
1943,1
1944,5
1945,1
1946,3
1947,1
1948,1
1949,1
1950,1
1951,1
1952,1
1953,1
1954,1
1955,1
1956,5
1957,3
1958,1
1959,3
1960,1
1961,3
1962,2
1963,5
1964,3
1965,1
1966,1
1967,1
1968,3
1969,1
1970,1
1971,1
1972,1
1973,2
1974,3
1975,1
1976,1
1977,1
1978,5
1979,1
1980,1
1981,1
1982,1
1983,3
1984,1
1985,1
1986,5
1987,2
1988,1
1989,1
1990,5
1991,1
1992,3
1993,5
1994,1
1995,3
1996,1
1997,1
1998,1
1999,1
2000,1
2001,1
2002,1
2003,1
2004,1
2005,5
2006,1
2007,1
2008,5
2009,1
2010,2
2011,1
2012,5
2013,4
2014,5
2015,1
2016,1
2017,3
2018,5
2019,1
2020,1
2021,1
2022,4
2023,1
2024,1
2025,2
2026,1
2027,2
2028,3
2029,1
2030,1
2031,3
2032,1
2033,1
2034,1
2035,1
2036,1
2037,2
2038,1
2039,1
2040,1
2041,5
2042,1
2043,2
2044,5
2045,1
2046,3
2047,1
2048,1
2049,1
2050,5
2051,3
2052,5
2053,1
2054,1
2055,3
2056,1
2057,1
2058,5
2059,1
2060,1
2061,1
2062,1
2063,1
2064,3
2065,1
2066,1
2067,4
2068,1
2069,5
2070,1
2071,1
2072,1
2073,1
2074,1
2075,1
2076,1
2077,3
2078,1
2079,1
2080,1
2081,3
2082,3
2083,4
2084,5
2085,1
2086,4
2087,1
2088,3
2089,1
2090,1
2091,1
2092,5
2093,1
2094,4
2095,1
2096,3
2097,2
2098,4
2099,1
2100,1
2101,1
2102,1
2103,1
2104,2
2105,5
2106,3
2107,4
2108,1
2109,1
2110,2
2111,1
2112,1
2113,5
2114,4
2115,5
2116,5
2117,1
2118,1
2119,1
2120,5
2121,1
2122,1
2123,1
2124,5
2125,1
2126,1
2127,1
2128,1
2129,3
2130,5
2131,1
2132,1
2133,4
2134,1
2135,1
2136,1
2137,1
2138,1
2139,1
2140,1
2141,2
2142,5
2143,5
2144,1
2145,2
2146,1
2147,1
2148,1
2149,1
2150,1
2151,1
2152,1
2153,1
2154,1
2155,1
2156,1
2157,1
2158,1
2159,1
2160,1
2161,3
2162,3
2163,1
2164,5
2165,3
2166,1
2167,3
2168,1
2169,5
2170,5
2171,1
2172,1
2173,5
2174,5
2175,4
2176,1
2177,1
2178,1
2179,1
2180,1
2181,1
2182,1
2183,5
2184,3
2185,5
2186,1
2187,1
2188,4
2189,1
2190,4
2191,1
2192,1
2193,1
2194,1
2195,2
2196,1
2197,1
2198,5
2199,5
2200,1
2201,5
2202,1
2203,1
2204,4
2205,1
2206,3
2207,1
2208,1
2209,1
2210,1
2211,2
2212,4
2213,1
2214,5
2215,3
2216,1
2217,1
2218,1
2219,1
2220,1
2221,2
2222,3
2223,1
2224,1
2225,1
2226,1
2227,1
2228,1
2229,1
2230,1
2231,5
2232,4
2233,2
2234,1
2235,3
2236,1
2237,1
2238,5
2239,1
2240,1
2241,1
2242,5
2243,1
2244,1
2245,1
2246,1
2247,3
2248,1
2249,5
2250,1
2251,1
2252,5
2253,1
2254,1
2255,1
2256,5
2257,5
2258,1
2259,1
2260,1
2261,1
2262,5
2263,1
2264,4
2265,1
2266,1
2267,1
2268,1
2269,4
2270,1
2271,3
2272,1
2273,1
2274,1
2275,1
2276,1
2277,1
2278,1
2279,1
2280,3
2281,1
2282,5
2283,1
2284,5
2285,5
2286,1
2287,1
2288,1
2289,1
2290,1
2291,1
2292,1
2293,1
2294,3
2295,1
2296,1
2297,5
2298,1
2299,5
2300,1
2301,1
2302,1
2303,1
2304,3
2305,2
2306,1
2307,1
2308,3
2309,1
2310,1
2311,1
2312,1
2313,5
2314,1
2315,2
2316,1
2317,1
2318,1
2319,5
2320,1
2321,1
2322,5
2323,5
2324,1
2325,1
2326,1
2327,1
2328,1
2329,1
2330,1
2331,1
2332,1
2333,5
2334,3
2335,4
2336,1
2337,1
2338,1
2339,1
2340,1
2341,4
2342,1
2343,1
2344,1
2345,3
2346,2
2347,1
2348,1
2349,1
2350,1
2351,1
2352,1
2353,1
2354,1
2355,1
2356,1
2357,1
2358,1
2359,3
2360,1
2361,1
2362,1
2363,1
2364,5
2365,1
2366,2
2367,2
2368,1
2369,2
2370,1
2371,1
2372,1
2373,1
2374,1
2375,1
2376,1
2377,1
2378,1
2379,1
2380,5
2381,1
2382,1
2383,1
2384,1
2385,5
2386,1
2387,1
2388,1
2389,2
2390,2
2391,5
2392,5
2393,1
2394,5
2395,1
2396,5
2397,4
2398,1
2399,1
2400,1
2401,1
2402,1
2403,1
2404,5
2405,1
2406,1
2407,1
2408,1
2409,1
2410,1
2411,4
2412,1
2413,1
2414,5
2415,1
2416,5
2417,1
2418,5
2419,5
2420,1
2421,1
2422,5
2423,3
2424,1
2425,1
2426,1
2427,1
2428,1
2429,1
2430,2
2431,1
2432,1
2433,5
2434,1
2435,1
2436,1
2437,5
2438,1
2439,1
2440,1
2441,1
2442,3
2443,2
2444,3
2445,1
2446,1
2447,1
2448,1
2449,1
2450,1
2451,1
2452,2
2453,2
2454,1
2455,1
2456,2
2457,1
2458,3
2459,1
2460,1
2461,2
2462,5
2463,1
2464,1
2465,2
2466,5
2467,5
2468,1
2469,1
2470,1
2471,1
2472,1
2473,1
2474,1
2475,1
2476,1
2477,1
2478,5
2479,3
2480,1
2481,1
2482,5
2483,4
2484,1
2485,5
2486,1
2487,1
2488,1
2489,5
2490,1
2491,4
2492,5
2493,1
2494,1
2495,1
2496,1
2497,1
2498,1
2499,1
2500,1
2501,1
2502,1
2503,1
2504,5
2505,1
2506,1
2507,1
2508,1
2509,5
2510,5
2511,5
2512,1
2513,1
2514,1
2515,1
2516,1
2517,2
2518,1
2519,2
2520,3
2521,1
2522,2
2523,1
2524,1
2525,4
2526,1
2527,5
2528,5
2529,1
2530,1
2531,2
2532,1
2533,1
2534,2
2535,1
2536,1
2537,1
2538,5
2539,5
2540,1
2541,3
2542,2
2543,5
2544,5
2545,1
2546,5
2547,1
2548,1
2549,3
2550,1
2551,5
2552,1
2553,1
2554,1
2555,2
2556,1
2557,1
2558,1
2559,5
2560,3
2561,1
2562,2
2563,1
2564,5
2565,1
2566,2
2567,1
2568,2
2569,1
2570,5
2571,1
2572,1
2573,2
2574,1
2575,5
2576,5
2577,2
2578,5
2579,1
2580,3
2581,1
2582,1
2583,1
2584,1
2585,1
2586,1
2587,1
2588,4
2589,5
2590,4
2591,1
2592,5
2593,1
2594,1
2595,1
2596,1
2597,1
2598,2
2599,1
2600,2
2601,1
2602,5
2603,1
2604,1
2605,5
2606,1
2607,1
2608,1
2609,1
2610,1
2611,1
2612,2
2613,1
2614,2
2615,1
2616,1
2617,1
2618,2
2619,1
2620,1
2621,1
2622,1
2623,1
2624,1
2625,1
2626,1
2627,1
2628,1
2629,5
2630,1
2631,1
2632,3
2633,1
2634,5
2635,5
2636,1
2637,1
2638,1
2639,1
2640,1
2641,1
2642,1
2643,1
2644,3
2645,2
2646,5
2647,1
2648,3
2649,1
2650,3
2651,1
2652,1
2653,2
2654,3
2655,3
2656,3
2657,1
2658,3
2659,1
2660,1
2661,1
2662,1
2663,1
2664,5
2665,5
2666,1
2667,1
2668,3
2669,1
2670,1
2671,5
2672,1
2673,1
2674,5
2675,5
2676,1
2677,1
2678,1
2679,3
2680,1
2681,1
2682,1
2683,1
2684,1
2685,1
2686,1
2687,1
2688,1
2689,1
2690,2
2691,1
2692,2
2693,1
2694,4
2695,1
2696,1
2697,5
2698,1
2699,1
2700,1
2701,1
2702,4
2703,4
2704,5
2705,2
2706,1
2707,2
2708,3
2709,1
2710,1
2711,1
2712,1
2713,1
2714,1
2715,3
2716,1
2717,1
2718,1
2719,1
2720,1
2721,3
2722,1
2723,1
2724,1
2725,1
2726,4
2727,1
2728,2
2729,1
2730,4
2731,5
2732,1
2733,1
2734,5
2735,1
2736,5
2737,1
2738,1
2739,1
2740,1
2741,3
2742,3
2743,1
2744,1
2745,2
2746,1
2747,1
2748,5
2749,1
2750,1
2751,1
2752,4
2753,5
2754,1
2755,3
2756,3
2757,1
2758,1
2759,1
2760,1
2761,3
2762,5
2763,5
2764,1
2765,2
2766,1
2767,3
2768,1
2769,5
2770,1
2771,1
2772,1
2773,1
2774,1
2775,1
2776,4
2777,1
2778,2
2779,1
2780,4
2781,1
2782,2
2783,1
2784,3
2785,1
2786,1
2787,1
2788,5
2789,1
2790,1
2791,5
2792,5
2793,1
2794,1
2795,1
2796,1
2797,1
2798,5
2799,5
2800,1
2801,5
2802,1
2803,1
2804,1
2805,5
2806,5
2807,2
2808,1
2809,5
2810,1
2811,1
2812,1
2813,4
2814,1
2815,1
2816,1
2817,1
2818,2
2819,4
2820,1
2821,1
2822,5
2823,1
2824,1
2825,5
2826,5
2827,1
2828,4
2829,5
2830,3
2831,1
2832,5
2833,1
2834,3
2835,3
2836,5
2837,1
2838,2
2839,1
2840,1
2841,1
2842,1
2843,1
2844,1
2845,1
2846,1
2847,1
2848,1
2849,1
2850,1
2851,1
2852,1
2853,1
2854,1
2855,1
2856,1
2857,1
2858,1
2859,3
2860,1
2861,5
2862,1
2863,1
2864,1
2865,1
2866,1
2867,5
2868,1
2869,1
2870,1
2871,5
2872,1
2873,5
2874,2
2875,1
2876,2
2877,1
2878,3
2879,5
2880,1
2881,1
2882,1
2883,1
2884,5
2885,1
2886,5
2887,2
2888,1
2889,1
2890,1
2891,1
2892,1
2893,1
2894,1
2895,1
2896,1
2897,1
2898,1
2899,2
2900,2
2901,1
2902,1
2903,1
2904,1
2905,5
2906,1
2907,3
2908,1
2909,1
2910,5
2911,1
2912,1
2913,3
2914,5
2915,3
2916,5
2917,1
2918,1
2919,5
2920,5
2921,1
2922,5
2923,1
2924,1
2925,1
2926,1
2927,1
2928,2
2929,1
2930,1
2931,1
2932,1
2933,1
2934,1
2935,1
2936,3
2937,1
2938,1
2939,1
2940,1
2941,1
2942,1
2943,1
2944,1
2945,1
2946,1
2947,1
2948,1
2949,1
2950,1
2951,1
2952,1
2953,1
2954,1
2955,1
2956,2
2957,2
2958,1
2959,1
2960,2
2961,1
2962,1
2963,1
2964,5
2965,1
2966,1
2967,2
2968,4
2969,1
2970,5
2971,1
2972,4
2973,1
2974,1
2975,1
2976,1
2977,5
2978,2
2979,1
2980,1
2981,1
2982,5
2983,1
2984,1
2985,1
2986,2
2987,1
2988,1
2989,4
2990,1
2991,1
2992,5
2993,1
2994,2
2995,1
2996,1
2997,1
2998,1
2999,1
3000,3
3001,1
3002,1
3003,1
3004,1
3005,2
3006,1
3007,5
3008,3
3009,1
3010,5
3011,1
3012,1
3013,1
3014,2
3015,1
3016,2
3017,3
3018,5
3019,1
3020,1
3021,4
3022,1
3023,5
3024,1
3025,1
3026,1
3027,3
3028,5
3029,5
3030,1
3031,1
3032,1
3033,5
3034,1
3035,1
3036,1
3037,1
3038,1
3039,1
3040,5
3041,3
3042,5
3043,1
3044,1
3045,1
3046,2
3047,1
3048,5
3049,4
3050,2
3051,1
3052,1
3053,1
3054,2
3055,1
3056,1
3057,1
3058,1
3059,1
3060,1
3061,1
3062,2
3063,5
3064,3
3065,3
3066,1
3067,2
3068,1
3069,1
3070,1
3071,2
3072,1
3073,3
3074,5
3075,4
3076,5
3077,2
3078,3
3079,5
3080,1
3081,1
3082,3
3083,5
3084,1
3085,1
3086,1
3087,2
3088,4
3089,1
3090,1
3091,1
3092,1
3093,1
3094,3
3095,1
3096,5
3097,4
3098,3
3099,2
3100,2
3101,3
3102,4
3103,1
3104,3
3105,1
3106,5
3107,1
3108,1
3109,1
3110,1
3111,1
3112,1
3113,3
3114,1
3115,3
3116,1
3117,1
3118,1
3119,3
3120,5
3121,1
3122,1
3123,1
3124,3
3125,1
3126,1
3127,2
3128,1
3129,2
3130,1
3131,3
3132,1
3133,1
3134,5
3135,2
3136,1
3137,3
3138,1
3139,1
3140,1
3141,1
3142,2
3143,5
3144,1
3145,1
3146,1
3147,3
3148,1
3149,2
3150,3
3151,1
3152,1
3153,3
3154,1
3155,2
3156,2
3157,1
3158,1
3159,2
3160,1
3161,1
3162,1
3163,3
3164,1
3165,4
3166,1
3167,1
3168,1
3169,5
3170,1
3171,5
3172,1
3173,1
3174,1
3175,2
3176,1
3177,4
3178,1
3179,5
3180,5
3181,2
3182,1
3183,5
3184,5
3185,1
3186,1
3187,1
3188,1
3189,1
3190,1
3191,1
3192,1
3193,1
3194,5
3195,1
3196,2
3197,3
3198,1
3199,1
3200,1
3201,3
3202,1
3203,1
3204,1
3205,4
3206,1
3207,3
3208,1
3209,1
3210,1
3211,1
3212,1
3213,1
3214,1
3215,1
3216,1
3217,1
3218,1
3219,1
3220,1
3221,1
3222,1
3223,1
3224,1
3225,1
3226,1
3227,1
3228,1
3229,1
3230,1
3231,1
3232,1
3233,1
3234,1
3235,1
3236,3
3237,1
3238,1
3239,3
3240,1
3241,5
3242,1
3243,1
3244,1
3245,1
3246,1
3247,1
3248,4
3249,1
3250,5
3251,1
3252,3
3253,2
3254,1
3255,2
3256,1
3257,2
3258,1
3259,4
3260,3
3261,5
3262,1
3263,1
3264,2
3265,1
3266,1
3267,1
3268,1
3269,2
3270,1
3271,5
3272,1
3273,1
3274,1
3275,5
3276,2
3277,1
3278,1
3279,4
3280,3
3281,1
3282,5
3283,1
3284,1
3285,5
3286,1
3287,1
3288,2
3289,1
3290,5
3291,1
3292,1
3293,4
3294,1
3295,1
3296,1
3297,3
3298,1
3299,4
3300,1
3301,1
3302,5
3303,1
3304,4
3305,1
3306,1
3307,5
3308,1
3309,1
3310,1
3311,1
3312,1
3313,1
3314,5
3315,1
3316,1
3317,1
3318,1
3319,1
3320,1
3321,1
3322,1
3323,1
3324,1
3325,5
3326,1
3327,2
3328,1
3329,5
3330,1
3331,1
3332,1
3333,1
3334,1
3335,2
3336,5
3337,1
3338,5
3339,4
3340,1
3341,2
3342,1
3343,4
3344,1
3345,1
3346,1
3347,1
3348,1
3349,1
3350,5
3351,1
3352,1
3353,1
3354,2
3355,1
3356,1
3357,1
3358,1
3359,1
3360,1
3361,1
3362,5
3363,2
3364,3
3365,1
3366,1
3367,5
3368,1
3369,1
3370,1
3371,1
3372,1
3373,1
3374,1
3375,1
3376,1
3377,1
3378,4
3379,1
3380,3
3381,5
3382,1
3383,1
3384,1
3385,1
3386,1
3387,2
3388,3
3389,1
3390,1
3391,1
3392,1
3393,1
3394,1
3395,1
3396,5
3397,1
3398,2
3399,1
3400,1
3401,3
3402,1
3403,1
3404,5
3405,1
3406,1
3407,1
3408,1
3409,5
3410,1
3411,5
3412,1
3413,5
3414,1
3415,1
3416,1
3417,1
3418,3
3419,3
3420,5
3421,1
3422,5
3423,1
3424,2
3425,1
3426,3
3427,1
3428,5
3429,1
3430,5
3431,1
3432,5
3433,2
3434,1
3435,1
3436,5
3437,4
3438,4
3439,1
3440,1
3441,1
3442,1
3443,1
3444,1
3445,3
3446,1
3447,1
3448,1
3449,1
3450,1
3451,1
3452,1
3453,5
3454,3
3455,1
3456,1
3457,5
3458,1
3459,5
3460,3
3461,1
3462,5
3463,1
3464,3
3465,1
3466,3
3467,1
3468,1
3469,5
3470,1
3471,1
3472,1
3473,1
3474,2
3475,1
3476,1
3477,5
3478,5
3479,1
3480,1
3481,1
3482,1
3483,1
3484,3
3485,5
3486,1
3487,1
3488,1
3489,2
3490,1
3491,5
3492,1
3493,3
3494,1
3495,2
3496,3
3497,1
3498,2
3499,1
3500,5
3501,1
3502,2
3503,2
3504,2
3505,1
3506,1
3507,5
3508,1
3509,5
3510,2
3511,5
3512,1
3513,1
3514,1
3515,1
3516,2
3517,1
3518,2
3519,5
3520,1
3521,1
3522,1
3523,1
3524,1
3525,4
3526,2
3527,1
3528,1
3529,1
3530,5
3531,2
3532,1
3533,3
3534,1
3535,3
3536,1
3537,5
3538,1
3539,1
3540,1
3541,3
3542,1
3543,1
3544,1
3545,1
3546,5
3547,1
3548,1
3549,2
3550,1
3551,1
3552,1
3553,1
3554,2
3555,1
3556,1
3557,5
3558,5
3559,1
3560,1
3561,3
3562,5
3563,1
3564,1
3565,5
3566,1
3567,1
3568,1
3569,1
3570,1
3571,1
3572,5
3573,1
3574,1
3575,2
3576,1
3577,1
3578,1
3579,1
3580,5
3581,1
3582,1
3583,1
3584,5
3585,1
3586,1
3587,3
3588,5
3589,1
3590,3
3591,1
3592,1
3593,1
3594,5
3595,3
3596,1
3597,5
3598,5
3599,1
3600,1
3601,1
3602,2
3603,1
3604,1
3605,5
3606,1
3607,5
3608,5
3609,1
3610,1
3611,2
3612,1
3613,1
3614,1
3615,4
3616,1
3617,1
3618,5
3619,1
3620,1
3621,1
3622,5
3623,1
3624,1
3625,1
3626,1
3627,4
3628,1
3629,4
3630,1
3631,1
3632,5
3633,4
3634,1
3635,5
3636,2
3637,1
3638,2
3639,1
3640,3
3641,2
3642,5
3643,1
3644,1
3645,1
3646,1
3647,4
3648,1
3649,1
3650,1
3651,1
3652,5
3653,1
3654,1
3655,1
3656,5
3657,1
3658,1
3659,5
3660,5
3661,3
3662,5
3663,1
3664,5
3665,5
3666,1
3667,5
3668,5
3669,1
3670,1
3671,1
3672,2
3673,1
3674,1
3675,4
3676,1
3677,1
3678,5
3679,1
3680,5
3681,1
3682,1
3683,1
3684,5
3685,1
3686,2
3687,1
3688,4
3689,1
3690,1
3691,5
3692,1
3693,1
3694,1
3695,1
3696,1
3697,1
3698,4
3699,1
3700,1
3701,5
3702,1
3703,1
3704,1
3705,1
3706,5
3707,1
3708,2
3709,1
3710,1
3711,1
3712,5
3713,1
3714,1
3715,1
3716,1
3717,1
3718,5
3719,1
3720,5
3721,5
3722,1
3723,1
3724,1
3725,1
3726,1
3727,2
3728,1
3729,2
3730,2
3731,1
3732,1
3733,1
3734,1
3735,1
3736,2
3737,1
3738,1
3739,1
3740,1
3741,1
3742,1
3743,1
3744,5
3745,5
3746,3
3747,1
3748,4
3749,1
3750,1
3751,5
3752,1
3753,1
3754,1
3755,1
3756,1
3757,5
3758,1
3759,1
3760,5
3761,2
3762,1
3763,1
3764,1
3765,1
3766,1
3767,3
3768,1
3769,1
3770,3
3771,1
3772,5
3773,2
3774,5
3775,1
3776,1
3777,5
3778,5
3779,1
3780,3
3781,2
3782,1
3783,5
3784,1
3785,1
3786,1
3787,1
3788,2
3789,1
3790,2
3791,4
3792,1
3793,5
3794,2
3795,1
3796,2
3797,2
3798,1
3799,1
3800,1
3801,1
3802,1
3803,1
3804,5
3805,2
3806,5
3807,1
3808,2
3809,1
3810,1
3811,1
3812,1
3813,1
3814,2
3815,1
3816,1
3817,1
3818,1
3819,2
3820,5
3821,1
3822,1
3823,1
3824,5
3825,1
3826,2
3827,1
3828,5
3829,1
3830,1
3831,4
3832,5
3833,1
3834,1
3835,1
3836,1
3837,1
3838,1
3839,3
3840,1
3841,5
3842,2
3843,1
3844,1
3845,5
3846,1
3847,4
3848,1
3849,5
3850,1
3851,5
3852,1
3853,1
3854,1
3855,1
3856,1
3857,4
3858,1
3859,1
3860,2
3861,1
3862,1
3863,1
3864,1
3865,3
3866,1
3867,1
3868,1
3869,3
3870,2
3871,1
3872,5
3873,1
3874,2
3875,5
3876,3
3877,5
3878,4
3879,5
3880,1
3881,1
3882,1
3883,3
3884,1
3885,5
3886,1
3887,1
3888,1
3889,1
3890,1
3891,2
3892,5
3893,2
3894,5
3895,1
3896,1
3897,1
3898,1
3899,2
3900,1
3901,1
3902,1
3903,1
3904,1
3905,1
3906,1
3907,2
3908,1
3909,5
3910,2
3911,1
3912,1
3913,1
3914,1
3915,1
3916,1
3917,1
3918,1
3919,1
3920,1
3921,5
3922,1
3923,1
3924,5
3925,1
3926,1
3927,2
3928,2
3929,1
3930,1
3931,1
3932,1
3933,1
3934,5
3935,4
3936,1
3937,1
3938,1
3939,5
3940,5
3941,1
3942,1
3943,1
3944,1
3945,1
3946,1
3947,1
3948,1
3949,3
3950,1
3951,3
3952,1
3953,4
3954,2
3955,2
3956,5
3957,1
3958,1
3959,1
3960,2
3961,5
3962,1
3963,1
3964,1
3965,1
3966,1
3967,1
3968,3
3969,1
3970,1
3971,1
3972,1
3973,5
3974,5
3975,5
3976,1
3977,1
3978,3
3979,1
3980,1
3981,1
3982,1
3983,1
3984,1
3985,3
3986,1
3987,1
3988,1
3989,1
3990,1
3991,1
3992,1
3993,3
3994,1
3995,2
3996,1
3997,1
3998,1
3999,1
4000,3
4001,1
4002,5
4003,3
4004,5
4005,5
4006,2
4007,5
4008,5
4009,3
4010,1
4011,1
4012,2
4013,3
4014,1
4015,2
4016,1
4017,5
4018,5
4019,1
4020,1
4021,1
4022,5
4023,5
4024,1
4025,5
4026,2
4027,5
4028,3
4029,4
4030,4
4031,5
4032,1
4033,5
4034,5
4035,3
4036,1
4037,1
4038,5
4039,1
4040,2
4041,3
4042,5
4043,5
4044,2
4045,1
4046,1
4047,3
4048,1
4049,1
4050,3
4051,1
4052,2
4053,2
4054,1
4055,5
4056,1
4057,5
4058,3
4059,3
4060,3
4061,4
4062,4
4063,4
4064,2
4065,1
4066,3
4067,5
4068,1
4069,5
4070,2
4071,5
4072,1
4073,1
4074,2
4075,2
4076,4
4077,5
4078,1
4079,2
4080,1
4081,1
4082,1
4083,1
4084,2
4085,1
4086,2
4087,3
4088,2
4089,1
4090,1
4091,1
4092,2
4093,4
4094,3
4095,1
4096,2
4097,2
4098,5
4099,3
4100,3
4101,2
4102,2
4103,1
4104,1
4105,3
4106,2
4107,1
4108,5
4109,3
4110,1
4111,5
4112,5
4113,3
4114,5
4115,1
4116,3
4117,4
4118,1
4119,2
4120,5
4121,1
4122,1
4123,5
4124,2
4125,3
4126,3
4127,2
4128,4
4129,3
4130,2
4131,5
4132,3
4133,4
4134,3
4135,3
4136,1
4137,3
4138,1
4139,1
4140,5
4141,1
4142,1
4143,5
4144,3
4145,3
4146,2
4147,5
4148,3
4149,2
4150,5
4151,5
4152,3
4153,1
4154,1
4155,1
4156,1
4157,3
4158,3
4159,1
4160,1
4161,3
4162,3
4163,2
4164,5
4165,2
4166,2
4167,1
4168,2
4169,2
4170,2
4171,4
4172,1
4173,1
4174,1
4175,5
4176,1
4177,5
4178,5
4179,2
4180,4
4181,4
4182,3
4183,4
4184,2
4185,1
4186,1
4187,1
4188,4
4189,2
4190,5
4191,1
4192,2
4193,2
4194,3
4195,1
4196,1
4197,4
4198,2
4199,1
4200,1
4201,3
4202,5
4203,1
4204,1
4205,3
4206,5
4207,5
4208,5
4209,4
4210,1
4211,5
4212,5
4213,2
4214,3
4215,5
4216,3
4217,1
4218,1
4219,5
4220,5
4221,1
4222,1
4223,3
4224,1
4225,1
4226,1
4227,5
4228,1
4229,5
4230,4
4231,5
4232,1
4233,5
4234,3
4235,5
4236,2
4237,5
4238,1
4239,5
4240,5
4241,5
4242,5
4243,4
4244,5
4245,3
4246,3
4247,1
4248,1
4249,2
4250,1
4251,1
4252,1
4253,1
4254,5
4255,5
4256,1
4257,5
4258,3
4259,3
4260,5
4261,2
4262,1
4263,3
4264,5
4265,3
4266,1
4267,4
4268,4
4269,2
4270,3
4271,3
4272,5
4273,1
4274,5
4275,4
4276,5
4277,5
4278,3
4279,3
4280,5
4281,3
4282,1
4283,5
4284,1
4285,4
4286,1
4287,2
4288,5
4289,2
4290,3
4291,1
4292,5
4293,4
4294,5
4295,1
4296,1
4297,1
4298,1
4299,2
4300,1
4301,1
4302,2
4303,1
4304,1
4305,3
4306,3
4307,3
4308,1
4309,3
4310,2
4311,5
4312,1
4313,5
4314,1
4315,3
4316,1
4317,1
4318,1
4319,1
4320,5
4321,1
4322,1
4323,3
4324,1
4325,1
4326,3
4327,4
4328,1
4329,5
4330,5
4331,1
4332,5
4333,3
4334,2
4335,1
4336,1
4337,5
4338,2
4339,1
4340,5
4341,2
4342,1
4343,1
4344,5
4345,1
4346,1
4347,3
4348,1
4349,5
4350,5
4351,1
4352,3
4353,1
4354,3
4355,3
4356,4
4357,3
4358,3
4359,1
4360,3
4361,5
4362,4
4363,2
4364,1
4365,3
4366,5
4367,1
4368,2
4369,1
4370,1
4371,5
4372,5
4373,4
4374,1
4375,5
4376,2
4377,3
4378,5
4379,5
4380,3
4381,5
4382,4
4383,5
4384,2
4385,5
4386,3
4387,5
4388,3
4389,1
4390,5
4391,1
4392,3
4393,5
4394,2
4395,3
4396,5
4397,1
4398,1
4399,3
4400,3
4401,5
4402,1
4403,5
4404,5
4405,5
4406,5
4407,1
4408,5
4409,2
4410,1
4411,4
4412,5
4413,1
4414,3
4415,2
4416,5
4417,4
4418,3
4419,4
4420,1
4421,5
4422,5
4423,1
4424,2
4425,1
4426,1
4427,2
4428,3
4429,1
4430,5
4431,2
4432,4
4433,1
4434,5
4435,3
4436,1
4437,3
4438,5
4439,1
4440,1
4441,5
4442,4
4443,2
4444,1
4445,5
4446,5
4447,5
4448,4
4449,2
4450,2
4451,1
4452,1
4453,1
4454,5
4455,5
4456,2
4457,3
4458,5
4459,2
4460,1
4461,4
4462,3
4463,5
4464,3
4465,2
4466,5
4467,2
4468,5
4469,1
4470,5
4471,2
4472,1
4473,2
4474,5
4475,5
4476,2
4477,3
4478,2
4479,4
4480,3
4481,3
4482,1
4483,5
4484,5
4485,1
4486,2
4487,3
4488,1
4489,1
4490,5
4491,1
4492,5
4493,1
4494,5
4495,3
4496,1
4497,1
4498,5
4499,2
4500,5
4501,2
4502,1
4503,5
4504,1
4505,2
4506,5
4507,2
4508,2
4509,1
4510,5
4511,5
4512,1
4513,3
4514,5
4515,4
4516,4
4517,2
4518,3
4519,3
4520,3
4521,1
4522,1
4523,5
4524,1
4525,3
4526,3
4527,5
4528,2
4529,2
4530,1
4531,1
4532,1
4533,1
4534,2
4535,2
4536,2
4537,1
4538,1
4539,4
4540,1
4541,3
4542,5
4543,4
4544,3
4545,5
4546,2
4547,1
4548,3
4549,3
4550,4
4551,3
4552,5
4553,5
4554,3
4555,5
4556,1
4557,1
4558,1
4559,5
4560,4
4561,3
4562,1
4563,2
4564,4
4565,5
4566,1
4567,2
4568,1
4569,5
4570,3
4571,4
4572,3
4573,5
4574,5
4575,4
4576,1
4577,5
4578,5
4579,4
4580,2
4581,3
4582,1
4583,5
4584,5
4585,2
4586,5
4587,3
4588,1
4589,2
4590,1
4591,5
4592,1
4593,3
4594,1
4595,2
4596,5
4597,1
4598,5
4599,2
4600,4
4601,3
4602,1
4603,2
4604,2
4605,1
4606,1
4607,3
4608,4
4609,5
4610,2
4611,2
4612,4
4613,3
4614,2
4615,2
4616,3
4617,5
4618,1
4619,5
4620,3
4621,5
4622,3
4623,1
4624,5
4625,1
4626,3
4627,4
4628,3
4629,2
4630,5
4631,4
4632,1
4633,3
4634,3
4635,4
4636,3
4637,1
4638,3
4639,1
4640,1
4641,5
4642,1
4643,4
4644,2
4645,2
4646,5
4647,5
4648,1
4649,5
4650,3
4651,5
4652,1
4653,5
4654,3
4655,5
4656,1
4657,3
4658,3
4659,1
4660,1
4661,3
4662,3
4663,3
4664,1
4665,5
4666,5
4667,1
4668,4
4669,1
4670,1
4671,2
4672,5
4673,1
4674,5
4675,1
4676,5
4677,2
4678,3
4679,5
4680,5
4681,5
4682,1
4683,1
4684,4
4685,4
4686,3
4687,2
4688,3
4689,1
4690,5
4691,4
4692,3
4693,1
4694,4
4695,3
4696,1
4697,5
4698,5
4699,5
4700,3
4701,4
4702,1
4703,5
4704,5
4705,3
4706,3
4707,3
4708,3
4709,5
4710,5
4711,3
4712,5
4713,1
4714,1
4715,1
4716,5
4717,5
4718,5
4719,2
4720,5
4721,2
4722,5
4723,5
4724,2
4725,4
4726,4
4727,4
4728,1
4729,3
4730,1
4731,5
4732,5
4733,2
4734,5
4735,5
4736,1
4737,4
4738,5
4739,3
4740,3
4741,4
4742,3
4743,4
4744,1
4745,2
4746,1
4747,5
4748,5
4749,4
4750,1
4751,1
4752,3
4753,4
4754,2
4755,1
4756,3
4757,1
4758,1
4759,5
4760,1
4761,3
4762,5
4763,5
4764,2
4765,5
4766,5
4767,4
4768,3
4769,1
4770,1
4771,5
4772,5
4773,5
4774,1
4775,5
4776,3
4777,4
4778,2
4779,2
4780,1
4781,5
4782,2
4783,4
4784,1
4785,4
4786,5
4787,5
4788,1
4789,3
4790,5
4791,2
4792,5
4793,1
4794,3
4795,5
4796,4
4797,1
4798,3
4799,1
4800,1
4801,5
4802,4
4803,2
4804,2
4805,3
4806,1
4807,4
4808,1
4809,1
4810,1
4811,1
4812,1
4813,5
4814,2
4815,2
4816,2
4817,3
4818,1
4819,2
4820,1
4821,1
4822,5
4823,1
4824,1
4825,2
4826,5
4827,2
4828,1
4829,4
4830,5
4831,3
4832,1
4833,5
4834,3
4835,4
4836,4
4837,3
4838,1
4839,2
4840,3
4841,1
4842,3
4843,5
4844,3
4845,4
4846,3
4847,2
4848,3
4849,1
4850,1
4851,2
4852,5
4853,1
4854,5
4855,4
4856,5
4857,5
4858,2
4859,5
4860,1
4861,1
4862,1
4863,5
4864,2
4865,1
4866,3
4867,1
4868,5
4869,3
4870,4
4871,4
4872,2
4873,5
4874,5
4875,1
4876,1
4877,4
4878,1
4879,1
4880,2
4881,5
4882,3
4883,1
4884,1
4885,1
4886,2
4887,5
4888,1
4889,5
4890,4
4891,1
4892,2
4893,3
4894,2
4895,1
4896,3
4897,1
4898,2
4899,2
4900,5
4901,3
4902,5
4903,2
4904,5
4905,2
4906,5
4907,5
4908,1
4909,3
4910,5
4911,5
4912,1
4913,1
4914,4
4915,3
4916,2
4917,1
4918,2
4919,2
4920,1
4921,3
4922,1
4923,2
4924,3
4925,1
4926,1
4927,1
4928,2
4929,2
4930,3
4931,3
4932,5
4933,5
4934,5
4935,1
4936,3
4937,1
4938,5
4939,4
4940,4
4941,1
4942,4
4943,1
4944,3
4945,5
4946,3
4947,1
4948,1
4949,2
4950,3
4951,1
4952,3
4953,2
4954,1
4955,4
4956,2
4957,3
4958,5
4959,3
4960,1
4961,2
4962,5
4963,5
4964,3
4965,2
4966,5
4967,2
4968,2
4969,4
4970,1
4971,5
4972,1
4973,1
4974,1
4975,3
4976,3
4977,3
4978,1
4979,1
4980,3
4981,1
4982,3
4983,1
4984,5
4985,5
4986,5
4987,1
4988,1
4989,1
4990,4
4991,1
4992,5
4993,1
4994,5
4995,3
4996,3
4997,2
4998,4
4999,1
5000,1
5001,5
5002,1
5003,2
5004,1
5005,1
5006,5
5007,5
5008,4
5009,3
5010,1
5011,5
5012,1
5013,1
5014,1
5015,1
5016,1
5017,5
5018,1
5019,1
5020,1
5021,2
5022,3
5023,2
5024,5
5025,1
5026,1
5027,1
5028,5
5029,5
5030,4
5031,3
5032,1
5033,5
5034,5
5035,5
5036,5
5037,1
5038,5
5039,5
5040,3
5041,5
5042,4
5043,3
5044,1
5045,5
5046,4
5047,5
5048,5
5049,2
5050,5
5051,4
5052,1
5053,1
5054,2
5055,3
5056,3
5057,3
5058,1
5059,3
5060,1
5061,3
5062,3
5063,1
5064,5
5065,2
5066,2
5067,1
5068,1
5069,1
5070,2
5071,5
5072,4
5073,5
5074,2
5075,4
5076,5
5077,2
5078,3
5079,4
5080,3
5081,5
5082,1
5083,5
5084,5
5085,2
5086,5
5087,4
5088,2
5089,3
5090,5
5091,1
5092,1
5093,1
5094,5
5095,1
5096,3
5097,3
5098,5
5099,5
5100,3
5101,5
5102,3
5103,1
5104,5
5105,4
5106,3
5107,5
5108,2
5109,5
5110,5
5111,2
5112,1
5113,5
5114,5
5115,2
5116,5
5117,4
5118,4
5119,5
5120,3
5121,3
5122,3
5123,5
5124,2
5125,1
5126,5
5127,1
5128,2
5129,1
5130,5
5131,5
5132,3
5133,1
5134,3
5135,4
5136,5
5137,3
5138,5
5139,3
5140,5
5141,1
5142,1
5143,3
5144,5
5145,3
5146,4
5147,3
5148,2
5149,1
5150,3
5151,1
5152,1
5153,1
5154,2
5155,3
5156,3
5157,1
5158,4
5159,3
5160,1
5161,3
5162,2
5163,2
5164,1
5165,5
5166,5
5167,5
5168,1
5169,4
5170,1
5171,1
5172,3
5173,5
5174,5
5175,4
5176,3
5177,2
5178,5
5179,3
5180,2
5181,5
5182,3
5183,5
5184,4
5185,5
5186,3
5187,5
5188,5
5189,5
5190,1
5191,3
5192,5
5193,1
5194,2
5195,2
5196,3
5197,3
5198,4
5199,1
5200,2
5201,3
5202,2
5203,5
5204,5
5205,4
5206,1
5207,5
5208,5
5209,1
5210,3
5211,2
5212,1
5213,4
5214,5
5215,1
5216,1
5217,5
5218,3
5219,5
5220,3
5221,5
5222,5
5223,1
5224,5
5225,2
5226,1
5227,3
5228,4
5229,3
5230,3
5231,4
5232,5
5233,1
5234,2
5235,4
5236,5
5237,5
5238,1
5239,1
5240,1
5241,1
5242,1
5243,3
5244,5
5245,2
5246,1
5247,3
5248,4
5249,2
5250,3
5251,1
5252,5
5253,1
5254,1
5255,5
5256,4
5257,3
5258,1
5259,3
5260,4
5261,1
5262,3
5263,5
5264,5
5265,2
5266,1
5267,1
5268,4
5269,2
5270,5
5271,3
5272,3
5273,3
5274,5
5275,5
5276,1
5277,3
5278,1
5279,5
5280,1
5281,1
5282,5
5283,3
5284,5
5285,1
5286,3
5287,4
5288,5
5289,3
5290,5
5291,2
5292,2
5293,4
5294,1
5295,1
5296,1
5297,3
5298,5
5299,5
5300,2
5301,3
5302,1
5303,4
5304,5
5305,5
5306,1
5307,1
5308,1
5309,1
5310,1
5311,3
5312,5
5313,1
5314,3
5315,1
5316,4
5317,1
5318,1
5319,1
5320,1
5321,2
5322,3
5323,3
5324,5
5325,1
5326,2
5327,3
5328,1
5329,4
5330,1
5331,4
5332,1
5333,1
5334,1
5335,2
5336,4
5337,1
5338,1
5339,1
5340,1
5341,5
5342,5
5343,1
5344,1
5345,2
5346,5
5347,5
5348,3
5349,3
5350,1
5351,5
5352,2
5353,5
5354,1
5355,5
5356,1
5357,5
5358,2
5359,5
5360,5
5361,2
5362,4
5363,2
5364,3
5365,4
5366,5
5367,3
5368,1
5369,1
5370,5
5371,5
5372,1
5373,1
5374,1
5375,1
5376,5
5377,1
5378,2
5379,1
5380,3
5381,3
5382,1
5383,5
5384,3
5385,4
5386,5
5387,2
5388,2
5389,5
5390,3
5391,1
5392,5
5393,4
5394,4
5395,3
5396,1
5397,3
5398,1
5399,2
5400,5
5401,3
5402,2
5403,5
5404,2
5405,5
5406,3
5407,3
5408,1
5409,1
5410,3
5411,3
5412,1
5413,4
5414,2
5415,1
5416,1
5417,2
5418,3
5419,1
5420,1
5421,2
5422,5
5423,4
5424,3
5425,4
5426,1
5427,3
5428,1
5429,1
5430,2
5431,4
5432,3
5433,1
5434,5
5435,2
5436,4
5437,5
5438,1
5439,1
5440,2
5441,4
5442,2
5443,3
5444,2
5445,5
5446,2
5447,5
5448,1
5449,1
5450,1
5451,2
5452,5
5453,3
5454,5
5455,1
5456,2
5457,2
5458,1
5459,1
5460,2
5461,4
5462,1
5463,3
5464,4
5465,1
5466,3
5467,5
5468,5
5469,3
5470,1
5471,5
5472,1
5473,5
5474,3
5475,5
5476,4
5477,3
5478,1
5479,2
5480,1
5481,5
5482,5
5483,5
5484,1
5485,1
5486,2
5487,4
5488,5
5489,5
5490,3
5491,3
5492,5
5493,3
5494,2
5495,4
5496,5
5497,2
5498,1
5499,5
5500,1
5501,3
5502,1
5503,1
5504,5
5505,1
5506,5
5507,5
5508,5
5509,1
5510,2
5511,1
5512,1
5513,4
5514,3
5515,2
5516,2
5517,5
5518,5
5519,1
5520,5
5521,1
5522,1
5523,3
5524,1
5525,2
5526,1
5527,1
5528,3
5529,4
5530,1
5531,1
5532,5
5533,5
5534,5
5535,2
5536,4
5537,1
5538,1
5539,1
5540,4
5541,3
5542,1
5543,5
5544,5
5545,2
5546,1
5547,1
5548,4
5549,3
5550,5
5551,5
5552,1
5553,3
5554,3
5555,1
5556,3
5557,5
5558,4
5559,2
5560,1
5561,4
5562,1
5563,1
5564,5
5565,1
5566,2
5567,5
5568,5
5569,3
5570,3
5571,2
5572,3
5573,4
5574,5
5575,1
5576,5
5577,1
5578,1
5579,2
5580,5
5581,3
5582,1
5583,2
5584,2
5585,5
5586,4
5587,1
5588,1
5589,2
5590,1
5591,4
5592,1
5593,1
5594,2
5595,3
5596,3
5597,1
5598,3
5599,1
5600,4
5601,5
5602,2
5603,1
5604,1
5605,1
5606,1
5607,3
5608,5
5609,1
5610,1
5611,5
5612,5
5613,5
5614,2
5615,1
5616,3
5617,2
5618,4
5619,3
5620,3
5621,3
5622,4
5623,1
5624,5
5625,3
5626,1
5627,1
5628,1
5629,1
5630,1
5631,1
5632,5
5633,2
5634,2
5635,5
5636,3
5637,2
5638,3
5639,2
5640,1
5641,1
5642,2
5643,5
5644,4
5645,1
5646,3
5647,1
5648,3
5649,1
5650,1
5651,1
5652,5
5653,1
5654,1
5655,1
5656,5
5657,1
5658,1
5659,1
5660,5
5661,3
5662,1
5663,1
5664,3
5665,4
5666,1
5667,3
5668,3
5669,1
5670,3
5671,2
5672,4
5673,4
5674,1
5675,5
5676,5
5677,5
5678,2
5679,1
5680,3
5681,5
5682,4
5683,3
5684,1
5685,3
5686,1
5687,3
5688,2
5689,3
5690,1
5691,2
5692,5
5693,2
5694,2
5695,2
5696,1
5697,5
5698,1
5699,3
5700,1
5701,1
5702,1
5703,3
5704,2
5705,4
5706,3
5707,5
5708,1
5709,4
5710,1
5711,3
5712,1
5713,2
5714,5
5715,3
5716,3
5717,1
5718,1
5719,1
5720,5
5721,4
5722,5
5723,1
5724,5
5725,2
5726,1
5727,1
5728,3
5729,5
5730,1
5731,5
5732,2
5733,4
5734,3
5735,5
5736,1
5737,3
5738,1
5739,3
5740,2
5741,5
5742,1
5743,2
5744,2
5745,5
5746,5
5747,3
5748,1
5749,5
5750,2
5751,2
5752,2
5753,1
5754,3
5755,5
5756,1
5757,4
5758,4
5759,3
5760,5
5761,4
5762,2
5763,5
5764,5
5765,4
5766,5
5767,3
5768,5
5769,3
5770,3
5771,4
5772,1
5773,3
5774,4
5775,5
5776,1
5777,5
5778,5
5779,1
5780,1
5781,3
5782,3
5783,1
5784,1
5785,2
5786,1
5787,1
5788,3
5789,1
5790,1
5791,1
5792,3
5793,1
5794,4
5795,2
5796,5
5797,5
5798,5
5799,3
5800,3
5801,1
5802,1
5803,1
5804,5
5805,3
5806,5
5807,1
5808,5
5809,1
5810,2
5811,1
5812,5
5813,5
5814,2
5815,5
5816,1
5817,1
5818,3
5819,2
5820,5
5821,5
5822,5
5823,1
5824,2
5825,4
5826,5
5827,5
5828,1
5829,1
5830,1
5831,1
5832,2
5833,2
5834,1
5835,1
5836,1
5837,5
5838,5
5839,5
5840,5
5841,3
5842,4
5843,5
5844,1
5845,1
5846,2
5847,5
5848,1
5849,2
5850,4
5851,4
5852,3
5853,3
5854,5
5855,2
5856,3
5857,5
5858,1
5859,1
5860,4
5861,1
5862,4
5863,5
5864,5
5865,1
5866,5
5867,4
5868,1
5869,1
5870,3
5871,4
5872,1
5873,2
5874,1
5875,5
5876,3
5877,1
5878,3
5879,1
5880,5
5881,1
5882,2
5883,3
5884,1
5885,5
5886,1
5887,5
5888,5
5889,2
5890,3
5891,1
5892,3
5893,2
5894,5
5895,4
5896,5
5897,1
5898,5
5899,1
5900,1
5901,4
5902,1
5903,1
5904,5
5905,1
5906,5
5907,2
5908,3
5909,1
5910,5
5911,5
5912,5
5913,4
5914,2
5915,5
5916,1
5917,2
5918,1
5919,1
5920,4
5921,4
5922,5
5923,1
5924,1
5925,1
5926,4
5927,1
5928,5
5929,3
5930,2
5931,1
5932,3
5933,5
5934,1
5935,4
5936,1
5937,5
5938,1
5939,5
5940,5
5941,1
5942,3
5943,1
5944,5
5945,3
5946,1
5947,3
5948,2
5949,2
5950,1
5951,2
5952,1
5953,4
5954,4
5955,3
5956,5
5957,2
5958,1
5959,5
5960,5
5961,1
5962,4
5963,1
5964,3
5965,1
5966,1
5967,5
5968,3
5969,5
5970,1
5971,5
5972,1
5973,1
5974,1
5975,3
5976,1
5977,5
5978,1
5979,5
5980,2
5981,5
5982,2
5983,3
5984,2
5985,5
5986,5
5987,3
5988,1
5989,1
5990,2
5991,5
5992,1
5993,3
5994,1
5995,1
5996,5
5997,4
5998,2
5999,5
6000,1
6001,1
6002,5
6003,1
6004,5
6005,1
6006,3
6007,4
6008,4
6009,3
6010,5
6011,3
6012,2
6013,1
6014,1
6015,1
6016,3
6017,5
6018,5
6019,5
6020,2
6021,5
6022,3
6023,1
6024,1
6025,2
6026,5
6027,3
6028,5
6029,2
6030,1
6031,4
6032,1
6033,1
6034,2
6035,5
6036,1
6037,2
6038,3
6039,2
6040,2
6041,2
6042,4
6043,2
6044,1
6045,5
6046,3
6047,4
6048,5
6049,2
6050,2
6051,5
6052,5
6053,1
6054,3
6055,2
6056,1
6057,5
6058,2
6059,3
6060,3
6061,2
6062,5
6063,1
6064,3
6065,5
6066,2
6067,5
6068,5
6069,5
6070,3
6071,4
6072,1
6073,1
6074,2
6075,1
6076,1
6077,1
6078,1
6079,2
6080,1
6081,1
6082,1
6083,2
6084,1
6085,1
6086,3
6087,1
6088,5
6089,3
6090,1
6091,3
6092,5
6093,5
6094,2
6095,3
6096,2
6097,1
6098,4
6099,1
6100,3
6101,5
6102,3
6103,2
6104,2
6105,1
6106,5
6107,3
6108,4
6109,3
6110,5
6111,3
6112,1
6113,1
6114,2
6115,4
6116,2
6117,5
6118,3
6119,4
6120,5
6121,2
6122,5
6123,1
6124,3
6125,5
6126,1
6127,1
6128,5
6129,2
6130,4
6131,1
6132,1
6133,3
6134,1
6135,5
6136,1
6137,3
6138,5
6139,5
6140,2
6141,1
6142,4
6143,1
6144,2
6145,1
6146,5
6147,3
6148,3
6149,3
6150,5
6151,3
6152,1
6153,5
6154,1
6155,1
6156,5
6157,1
6158,1
6159,5
6160,1
6161,3
6162,5
6163,4
6164,1
6165,1
6166,1
6167,4
6168,5
6169,5
6170,1
6171,1
6172,1
6173,1
6174,3
6175,5
6176,1
6177,4
6178,3
6179,5
6180,4
6181,1
6182,1
6183,4
6184,2
6185,5
6186,2
6187,2
6188,3
6189,4
6190,3
6191,5
6192,5
6193,1
6194,1
6195,3
6196,4
6197,5
6198,5
6199,1
6200,4
6201,4
6202,3
6203,3
6204,1
6205,5
6206,1
6207,3
6208,1
6209,2
6210,4
6211,5
6212,2
6213,2
6214,3
6215,2
6216,3
6217,1
6218,3
6219,5
6220,1
6221,1
6222,1
6223,1
6224,5
6225,4
6226,1
6227,5
6228,5
6229,1
6230,3
6231,1
6232,5
6233,5
6234,1
6235,1
6236,4
6237,2
6238,5
6239,1
6240,3
6241,5
6242,2
6243,5
6244,5
6245,3
6246,5
6247,1
6248,1
6249,1
6250,1
6251,5
6252,3
6253,3
6254,1
6255,1
6256,5
6257,1
6258,3
6259,1
6260,4
6261,2
6262,1
6263,1
6264,1
6265,5
6266,2
6267,5
6268,1
6269,4
6270,1
6271,1
6272,1
6273,5
6274,2
6275,1
6276,5
6277,5
6278,4
6279,1
6280,1
6281,1
6282,5
6283,2
6284,5
6285,2
6286,1
6287,1
6288,4
6289,1
6290,5
6291,5
6292,2
6293,1
6294,4
6295,1
6296,3
6297,1
6298,5
6299,3
6300,5
6301,2
6302,1
6303,2
6304,5
6305,3
6306,5
6307,4
6308,5
6309,5
6310,3
6311,1
6312,5
6313,1
6314,1
6315,5
6316,3
6317,5
6318,4
6319,5
6320,5
6321,3
6322,5
6323,1
6324,2
6325,3
6326,1
6327,3
6328,2
6329,1
6330,4
6331,5
6332,3
6333,5
6334,5
6335,3
6336,2
6337,2
6338,2
6339,3
6340,1
6341,1
6342,1
6343,3
6344,3
6345,5
6346,1
6347,5
6348,3
6349,5
6350,2
6351,5
6352,4
6353,1
6354,1
6355,3
6356,1
6357,1
6358,1
6359,1
6360,1
6361,1
6362,3
6363,1
6364,5
6365,3
6366,5
6367,3
6368,4
6369,1
6370,3
6371,4
6372,1
6373,5
6374,5
6375,2
6376,5
6377,1
6378,5
6379,3
6380,4
6381,1
6382,3
6383,3
6384,5
6385,3
6386,1
6387,1
6388,1
6389,2
6390,5
6391,4
6392,2
6393,5
6394,3
6395,4
6396,1
6397,3
6398,1
6399,3
6400,3
6401,3
6402,2
6403,5
6404,4
6405,1
6406,3
6407,1
6408,3
6409,4
6410,1
6411,1
6412,1
6413,5
6414,2
6415,2
6416,2
6417,3
6418,1
6419,2
6420,2
6421,1
6422,1
6423,2
6424,1
6425,5
6426,2
6427,1
6428,3
6429,3
6430,1
6431,1
6432,5
6433,2
6434,4
6435,1
6436,2
6437,5
6438,1
6439,2
6440,1
6441,5
6442,5
6443,3
6444,1
6445,1
6446,4
6447,5
6448,1
6449,3
6450,1
6451,2
6452,5
6453,5
6454,5
6455,5
6456,1
6457,1
6458,2
6459,1
6460,1
6461,1
6462,1
6463,3
6464,5
6465,5
6466,1
6467,1
6468,5
6469,2
6470,2
6471,1
6472,3
6473,3
6474,3
6475,2
6476,3
6477,3
6478,1
6479,1
6480,4
6481,5
6482,1
6483,3
6484,2
6485,1
6486,3
6487,2
6488,3
6489,1
6490,1
6491,5
6492,2
6493,2
6494,2
6495,1
6496,5
6497,5
6498,5
6499,3
6500,3
6501,1
6502,5
6503,4
6504,1
6505,1
6506,5
6507,3
6508,2
6509,1
6510,5
6511,1
6512,5
6513,1
6514,5
6515,3
6516,5
6517,2
6518,1
6519,3
6520,5
6521,5
6522,5
6523,1
6524,2
6525,4
6526,1
6527,4
6528,1
6529,5
6530,3
6531,1
6532,2
6533,5
6534,1
6535,5
6536,1
6537,1
6538,3
6539,3
6540,1
6541,3
6542,1
6543,5
6544,4
6545,3
6546,1
6547,2
6548,1
6549,1
6550,1
6551,3
6552,1
6553,1
6554,1
6555,5
6556,1
6557,4
6558,1
6559,1
6560,3
6561,5
6562,3
6563,4
6564,5
6565,5
6566,5
6567,2
6568,1
6569,2
6570,2
6571,3
6572,1
6573,1
6574,1
6575,1
6576,3
6577,1
6578,5
6579,3
6580,1
6581,5
6582,4
6583,2
6584,2
6585,2
6586,5
6587,1
6588,4
6589,5
6590,3
6591,3
6592,5
6593,5
6594,3
6595,2
6596,5
6597,4
6598,2
6599,1
6600,5
6601,3
6602,1
6603,2
6604,3
6605,1
6606,5
6607,5
6608,5
6609,3
6610,1
6611,2
6612,2
6613,5
6614,5
6615,3
6616,2
6617,4
6618,1
6619,5
6620,3
6621,2
6622,1
6623,5
6624,1
6625,5
6626,1
6627,2
6628,2
6629,3
6630,2
6631,5
6632,1
6633,2
6634,5
6635,1
6636,3
6637,3
6638,2
6639,3
6640,5
6641,2
6642,1
6643,2
6644,1
6645,4
6646,1
6647,1
6648,1
6649,1
6650,3
6651,1
6652,5
6653,5
6654,4
6655,4
6656,2
6657,1
6658,1
6659,2
6660,2
6661,1
6662,4
6663,1
6664,3
6665,3
6666,1
6667,5
6668,1
6669,3
6670,5
6671,2
6672,1
6673,4
6674,3
6675,3
6676,5
6677,1
6678,5
6679,1
6680,5
6681,4
6682,2
6683,1
6684,3
6685,1
6686,5
6687,4
6688,5
6689,1
6690,1
6691,5
6692,2
6693,1
6694,2
6695,5
6696,1
6697,5
6698,3
6699,1
6700,1
6701,1
6702,4
6703,5
6704,3
6705,1
6706,1
6707,2
6708,3
6709,1
6710,3
6711,5
6712,4
6713,1
6714,2
6715,1
6716,1
6717,4
6718,2
6719,4
6720,4
6721,5
6722,4
6723,4
6724,1
6725,4
6726,3
6727,1
6728,2
6729,1
6730,1
6731,2
6732,1
6733,1
6734,5
6735,1
6736,1
6737,5
6738,5
6739,3
6740,1
6741,3
6742,1
6743,5
6744,3
6745,3
6746,3
6747,5
6748,5
6749,1
6750,5
6751,1
6752,1
6753,3
6754,1
6755,1
6756,1
6757,4
6758,1
6759,4
6760,1
6761,5
6762,1
6763,3
6764,5
6765,2
6766,3
6767,5
6768,3
6769,1
6770,3
6771,1
6772,2
6773,1
6774,2
6775,2
6776,2
6777,3
6778,1
6779,2
6780,1
6781,5
6782,5
6783,1
6784,3
6785,1
6786,4
6787,1
6788,5
6789,5
6790,5
6791,3
6792,5
6793,5
6794,1
6795,1
6796,2
6797,5
6798,3
6799,1
6800,5
6801,4
6802,3
6803,2
6804,5
6805,5
6806,1
6807,3
6808,5
6809,3
6810,2
6811,2
6812,4
6813,4
6814,3
6815,5
6816,4
6817,1
6818,5
6819,5
6820,3
6821,3
6822,5
6823,5
6824,3
6825,1
6826,2
6827,5
6828,5
6829,4
6830,1
6831,5
6832,1
6833,1
6834,4
6835,1
6836,3
6837,3
6838,3
6839,3
6840,5
6841,5
6842,3
6843,5
6844,4
6845,5
6846,5
6847,4
6848,1
6849,5
6850,4
6851,1
6852,5
6853,1
6854,5
6855,5
6856,3
6857,2
6858,4
6859,5
6860,3
6861,1
6862,3
6863,1
6864,4
6865,5
6866,3
6867,1
6868,1
6869,3
6870,3
6871,3
6872,3
6873,5
6874,5
6875,5
6876,1
6877,5
6878,1
6879,5
6880,1
6881,2
6882,1
6883,1
6884,3
6885,5
6886,1
6887,1
6888,1
6889,1
6890,1
6891,5
6892,5
6893,3
6894,3
6895,4
6896,1
6897,1
6898,1
6899,2
6900,4
6901,5
6902,5
6903,5
6904,3
6905,3
6906,1
6907,5
6908,1
6909,5
6910,3
6911,1
6912,4
6913,3
6914,1
6915,1
6916,3
6917,5
6918,5
6919,2
6920,3
6921,1
6922,1
6923,4
6924,2
6925,1
6926,1
6927,5
6928,1
6929,1
6930,4
6931,1
6932,1
6933,5
6934,5
6935,5
6936,1
6937,1
6938,1
6939,3
6940,3
6941,1
6942,4
6943,1
6944,1
6945,4
6946,5
6947,5
6948,2
6949,1
6950,1
6951,2
6952,4
6953,3
6954,1
6955,3
6956,5
6957,3
6958,1
6959,1
6960,4
6961,1
6962,4
6963,3
6964,1
6965,4
6966,1
6967,2
6968,3
6969,5
6970,3
6971,2
6972,5
6973,2
6974,5
6975,5
6976,2
6977,1
6978,3
6979,1
6980,2
6981,2
6982,1
6983,1
6984,3
6985,4
6986,1
6987,3
6988,5
6989,4
6990,1
6991,2
6992,1
6993,1
6994,1
6995,1
6996,2
6997,1
6998,2
6999,3
7000,1
7001,5
7002,1
7003,2
7004,2
7005,1
7006,4
7007,5
7008,3
7009,5
7010,5
7011,5
7012,3
7013,2
7014,3
7015,3
7016,1
7017,1
7018,3
7019,2
7020,3
7021,1
7022,3
7023,3
7024,4
7025,2
7026,5
7027,2
7028,3
7029,2
7030,5
7031,1
7032,4
7033,3
7034,3
7035,1
7036,5
7037,1
7038,1
7039,1
7040,5
7041,1
7042,3
7043,5
7044,3
7045,4
7046,2
7047,2
7048,2
7049,1
7050,5
7051,5
7052,3
7053,1
7054,1
7055,3
7056,5
7057,5
7058,2
7059,1
7060,5
7061,5
7062,2
7063,5
7064,2
7065,4
7066,5
7067,1
7068,3
7069,5
7070,2
7071,4
7072,1
7073,3
7074,5
7075,2
7076,1
7077,3
7078,5
7079,1
7080,4
7081,3
7082,5
7083,4
7084,4
7085,1
7086,5
7087,1
7088,1
7089,5
7090,5
7091,1
7092,5
7093,2
7094,4
7095,5
7096,3
7097,2
7098,2
7099,3
7100,3
7101,1
7102,2
7103,3
7104,1
7105,1
7106,2
7107,5
7108,5
7109,1
7110,1
7111,4
7112,5
7113,2
7114,1
7115,1
7116,1
7117,1
7118,4
7119,4
7120,5
7121,3
7122,4
7123,1
7124,3
7125,5
7126,2
7127,5
7128,3
7129,2
7130,1
7131,1
7132,3
7133,2
7134,1
7135,5
7136,2
7137,4
7138,1
7139,4
7140,1
7141,2
7142,5
7143,1
7144,1
7145,3
7146,1
7147,5
7148,5
7149,1
7150,1
7151,3
7152,1
7153,3
7154,1
7155,5
7156,1
7157,1
7158,1
7159,5
7160,1
7161,1
7162,2
7163,1
7164,2
7165,5
7166,5
7167,5
7168,2
7169,3
7170,4
7171,1
7172,1
7173,4
7174,2
7175,3
7176,1
7177,3
7178,5
7179,3
7180,1
7181,1
7182,2
7183,3
7184,4
7185,3
7186,5
7187,5
7188,4
7189,3
7190,1
7191,5
7192,5
7193,3
7194,3
7195,1
7196,5
7197,2
7198,2
7199,5
7200,1
7201,2
7202,4
7203,4
7204,3
7205,3
7206,3
7207,3
7208,3
7209,5
7210,1
7211,2
7212,1
7213,2
7214,4
7215,3
7216,4
7217,1
7218,5
7219,5
7220,5
7221,4
7222,4
7223,1
7224,1
7225,3
7226,3
7227,2
7228,5
7229,3
7230,2
7231,3
7232,2
7233,1
7234,1
7235,1
7236,5
7237,1
7238,5
7239,1
7240,3
7241,1
7242,1
7243,1
7244,3
7245,3
7246,5
7247,1
7248,1
7249,1
7250,4
7251,1
7252,2
7253,4
7254,4
7255,5
7256,5
7257,4
7258,3
7259,1
7260,1
7261,3
7262,4
7263,5
7264,2
7265,3
7266,5
7267,1
7268,5
7269,3
7270,1
7271,1
7272,1
7273,5
7274,5
7275,5
7276,1
7277,1
7278,3
7279,1
7280,4
7281,5
7282,5
7283,1
7284,3
7285,1
7286,5
7287,1
7288,5
7289,5
7290,3
7291,4
7292,3
7293,3
7294,2
7295,1
7296,5
7297,1
7298,1
7299,3
7300,3
7301,1
7302,3
7303,4
7304,3
7305,5
7306,5
7307,3
7308,1
7309,4
7310,3
7311,4
7312,4
7313,1
7314,5
7315,3
7316,1
7317,4
7318,4
7319,3
7320,1
7321,4
7322,2
7323,1
7324,4
7325,5
7326,1
7327,1
7328,1
7329,5
7330,4
7331,3
7332,2
7333,1
7334,2
7335,2
7336,3
7337,2
7338,5
7339,1
7340,4
7341,2
7342,5
7343,4
7344,4
7345,1
7346,1
7347,2
7348,1
7349,3
7350,5
7351,5
7352,5
7353,5
7354,2
7355,5
7356,1
7357,1
7358,3
7359,3
7360,1
7361,1
7362,3
7363,2
7364,5
7365,5
7366,1
7367,5
7368,3
7369,5
7370,2
7371,5
7372,5
7373,1
7374,5
7375,5
7376,1
7377,1
7378,5
7379,2
7380,5
7381,3
7382,1
7383,1
7384,4
7385,2
7386,1
7387,4
7388,1
7389,1
7390,5
7391,1
7392,1
7393,3
7394,2
7395,1
7396,3
7397,4
7398,5
7399,5
7400,1
7401,4
7402,3
7403,5
7404,5
7405,2
7406,4
7407,1
7408,5
7409,5
7410,5
7411,2
7412,4
7413,1
7414,5
7415,3
7416,4
7417,4
7418,2
7419,5
7420,1
7421,2
7422,1
7423,4
7424,5
7425,3
7426,2
7427,4
7428,1
7429,2
7430,5
7431,2
7432,5
7433,5
7434,1
7435,2
7436,1
7437,2
7438,1
7439,5
7440,3
7441,3
7442,5
7443,1
7444,1
7445,4
7446,5
7447,5
7448,1
7449,1
7450,3
7451,1
7452,1
7453,5
7454,2
7455,5
7456,5
7457,3
7458,3
7459,3
7460,1
7461,1
7462,2
7463,1
7464,1
7465,3
7466,4
7467,1
7468,1
7469,3
7470,2
7471,1
7472,3
7473,1
7474,5
7475,4
7476,2
7477,1
7478,3
7479,1
7480,2
7481,5
7482,1
7483,5
7484,5
7485,1
7486,5
7487,3
7488,1
7489,1
7490,5
7491,1
7492,4
7493,5
7494,1
7495,3
7496,5
7497,3
7498,4
7499,4
7500,1
7501,3
7502,5
7503,1
7504,3
7505,1
7506,1
7507,4
7508,1
7509,2
7510,5
7511,2
7512,1
7513,5
7514,5
7515,1
7516,5
7517,2
7518,2
7519,5
7520,1
7521,1
7522,5
7523,5
7524,1
7525,2
7526,5
7527,3
7528,5
7529,1
7530,1
7531,5
7532,3
7533,5
7534,3
7535,1
7536,4
7537,1
7538,5
7539,5
7540,2
7541,1
7542,5
7543,5
7544,3
7545,5
7546,1
7547,1
7548,1
7549,1
7550,1
7551,2
7552,1
7553,4
7554,3
7555,5
7556,2
7557,5
7558,3
7559,1
7560,5
7561,2
7562,1
7563,2
7564,5
7565,1
7566,3
7567,4
7568,3
7569,1
7570,1
7571,1
7572,5
7573,2
7574,3
7575,1
7576,2
7577,1
7578,3
7579,5
7580,5
7581,4
7582,5
7583,3
7584,3
7585,1
7586,2
7587,1
7588,2
7589,5
7590,5
7591,3
7592,5
7593,5
7594,4
7595,3
7596,5
7597,1
7598,1
7599,2
7600,5
7601,1
7602,5
7603,5
7604,2
7605,5
7606,5
7607,5
7608,1
7609,1
7610,5
7611,5
7612,3
7613,3
7614,1
7615,3
7616,1
7617,4
7618,1
7619,5
7620,2
7621,5
7622,3
7623,1
7624,4
7625,1
7626,4
7627,1
7628,1
7629,5
7630,5
7631,1
7632,3
7633,5
7634,1
7635,2
7636,3
7637,1
7638,2
7639,5
7640,5
7641,1
7642,5
7643,1
7644,5
7645,1
7646,1
7647,2
7648,1
7649,3
7650,1
7651,5
7652,2
7653,3
7654,1
7655,1
7656,5
7657,1
7658,5
7659,2
7660,3
7661,5
7662,1
7663,2
7664,5
7665,2
7666,5
7667,3
7668,3
7669,3
7670,1
7671,5
7672,1
7673,3
7674,5
7675,5
7676,5
7677,5
7678,5
7679,3
7680,1
7681,5
7682,5
7683,5
7684,4
7685,1
7686,2
7687,3
7688,5
7689,5
7690,2
7691,4
7692,1
7693,2
7694,5
7695,3
7696,5
7697,3
7698,3
7699,3
7700,5
7701,3
7702,2
7703,5
7704,2
7705,1
7706,5
7707,1
7708,1
7709,1
7710,2
7711,5
7712,2
7713,3
7714,1
7715,3
7716,1
7717,5
7718,3
7719,3
7720,3
7721,3
7722,5
7723,1
7724,5
7725,3
7726,3
7727,2
7728,5
7729,5
7730,1
7731,2
7732,1
7733,1
7734,3
7735,3
7736,2
7737,3
7738,3
7739,3
7740,1
7741,1
7742,5
7743,1
7744,1
7745,2
7746,1
7747,1
7748,1
7749,5
7750,4
7751,1
7752,4
7753,2
7754,5
7755,1
7756,3
7757,3
7758,1
7759,1
7760,5
7761,5
7762,2
7763,5
7764,4
7765,4
7766,1
7767,3
7768,1
7769,5
7770,1
7771,1
7772,3
7773,1
7774,4
7775,5
7776,3
7777,2
7778,5
7779,5
7780,3
7781,1
7782,1
7783,1
7784,1
7785,5
7786,2
7787,3
7788,3
7789,3
7790,5
7791,1
7792,4
7793,1
7794,1
7795,3
7796,3
7797,1
7798,1
7799,1
7800,5
7801,3
7802,3
7803,3
7804,3
7805,3
7806,3
7807,1
7808,5
7809,2
7810,5
7811,1
7812,2
7813,5
7814,1
7815,1
7816,2
7817,1
7818,3
7819,5
7820,5
7821,3
7822,2
7823,2
7824,4
7825,4
7826,3
7827,3
7828,5
7829,2
7830,4
7831,5
7832,2
7833,1
7834,1
7835,4
7836,3
7837,3
7838,5
7839,2
7840,1
7841,1
7842,5
7843,4
7844,5
7845,1
7846,5
7847,5
7848,2
7849,2
7850,2
7851,3
7852,1
7853,1
7854,1
7855,4
7856,1
7857,5
7858,2
7859,5
7860,1
7861,5
7862,1
7863,1
7864,1
7865,1
7866,3
7867,3
7868,3
7869,4
7870,3
7871,1
7872,2
7873,1
7874,1
7875,2
7876,1
7877,1
7878,2
7879,1
7880,5
7881,3
7882,1
7883,5
7884,1
7885,1
7886,5
7887,5
7888,2
7889,1
7890,3
7891,5
7892,3
7893,1
7894,4
7895,2
7896,4
7897,3
7898,1
7899,1
7900,2
7901,1
7902,1
7903,1
7904,1
7905,1
7906,2
7907,4
7908,5
7909,1
7910,1
7911,1
7912,1
7913,1
7914,1
7915,1
7916,3
7917,4
7918,1
7919,1
7920,1
7921,1
7922,5
7923,3
7924,4
7925,3
7926,3
7927,2
7928,5
7929,5
7930,1
7931,1
7932,1
7933,4
7934,4
7935,2
7936,1
7937,5
7938,3
7939,2
7940,5
7941,2
7942,5
7943,1
7944,1
7945,2
7946,3
7947,4
7948,5
7949,1
7950,5
7951,5
7952,5
7953,3
7954,3
7955,3
7956,1
7957,2
7958,3
7959,2
7960,1
7961,5
7962,1
7963,1
7964,5
7965,5
7966,5
7967,5
7968,3
7969,4
7970,3
7971,5
7972,1
7973,5
7974,1
7975,1
7976,5
7977,1
7978,1
7979,4
7980,1
7981,5
7982,2
7983,1
7984,3
7985,3
7986,4
7987,1
7988,5
7989,1
7990,3
7991,1
7992,1
7993,4
7994,1
7995,4
7996,1
7997,1
7998,3
7999,1
8000,4
8001,5
8002,2
8003,5
8004,3
8005,1
8006,4
8007,5
8008,5
8009,5
8010,5
8011,5
8012,5
8013,4
8014,4
8015,3
8016,3
8017,5
8018,5
8019,1
8020,5
8021,3
8022,2
8023,5
8024,1
8025,5
8026,3
8027,4
8028,1
8029,4
8030,5
8031,3
8032,5
8033,3
8034,4
8035,3
8036,4
8037,5
8038,5
8039,4
8040,5
8041,4
8042,3
8043,5
8044,5
8045,4
8046,4
8047,1
8048,5
8049,2
8050,4
8051,4
8052,5
8053,5
8054,3
8055,5
8056,3
8057,5
8058,4
8059,5
8060,2
8061,4
8062,3
8063,4
8064,5
8065,4
8066,5
8067,2
8068,3
8069,3
8070,4
8071,3
8072,3
8073,1
8074,3
8075,2
8076,5
8077,4
8078,4
8079,4
8080,5
8081,4
8082,2
8083,3
8084,1
8085,5
8086,1
8087,5
8088,4
8089,5
8090,3
8091,2
8092,4
8093,3
8094,4
8095,4
8096,5
8097,4
8098,4
8099,3
8100,1
8101,4
8102,3
8103,5
8104,1
8105,3
8106,4
8107,1
8108,5
8109,5
8110,5
8111,1
8112,3
8113,4
8114,3
8115,5
8116,5
8117,5
8118,5
8119,5
8120,5
8121,5
8122,1
8123,5
8124,5
8125,3
8126,5
8127,3
8128,5
8129,5
8130,5
8131,1
8132,4
8133,1
8134,2
8135,3
8136,3
8137,1
8138,3
8139,1
8140,4
8141,4
8142,5
8143,2
8144,3
8145,5
8146,2
8147,5
8148,2
8149,5
8150,5
8151,5
8152,5
8153,3
8154,4
8155,5
8156,3
8157,5
8158,3
8159,5
8160,3
8161,2
8162,5
8163,5
8164,5
8165,4
8166,4
8167,5
8168,3
8169,1
8170,1
8171,3
8172,4
8173,2
8174,2
8175,3
8176,4
8177,5
8178,5
8179,4
8180,5
8181,5
8182,3
8183,5
8184,3
8185,3
8186,5
8187,4
8188,3
8189,2
8190,3
8191,4
8192,5
8193,2
8194,3
8195,1
8196,3
8197,5
8198,5
8199,4
8200,5
8201,2
8202,3
8203,5
8204,5
8205,5
8206,4
8207,2
8208,2
8209,4
8210,1
8211,3
8212,5
8213,3
8214,3
8215,3
8216,3
8217,2
8218,3
8219,5
8220,3
8221,4
8222,4
8223,4
8224,2
8225,5
8226,3
8227,4
8228,3
8229,4
8230,5
8231,3
8232,3
8233,4
8234,5
8235,3
8236,5
8237,3
8238,5
8239,3
8240,3
8241,5
8242,5
8243,4
8244,5
8245,1
8246,1
8247,4
8248,4
8249,5
8250,4
8251,3
8252,4
8253,5
8254,5
8255,2
8256,3
8257,5
8258,3
8259,1
8260,3
8261,4
8262,4
8263,5
8264,1
8265,3
8266,1
8267,5
8268,4
8269,5
8270,5
8271,3
8272,4
8273,3
8274,5
8275,4
8276,3
8277,5
8278,5
8279,3
8280,3
8281,3
8282,1
8283,5
8284,3
8285,3
8286,5
8287,5
8288,4
8289,3
8290,5
8291,5
8292,3
8293,5
8294,3
8295,4
8296,5
8297,4
8298,1
8299,5
8300,2
8301,2
8302,5
8303,5
8304,5
8305,5
8306,5
8307,3
8308,5
8309,3
8310,5
8311,4
8312,4
8313,3
8314,3
8315,2
8316,3
8317,3
8318,4
8319,5
8320,2
8321,4
8322,4
8323,4
8324,5
8325,4
8326,4
8327,5
8328,4
8329,5
8330,4
8331,1
8332,5
8333,4
8334,4
8335,3
8336,4
8337,1
8338,5
8339,3
8340,3
8341,5
8342,2
8343,5
8344,2
8345,3
8346,4
8347,5
8348,3
8349,5
8350,2
8351,2
8352,1
8353,4
8354,5
8355,3
8356,4
8357,5
8358,5
8359,5
8360,1
8361,5
8362,1
8363,5
8364,3
8365,5
8366,4
8367,2
8368,4
8369,4
8370,4
8371,5
8372,3
8373,5
8374,5
8375,5
8376,1
8377,3
8378,5
8379,1
8380,1
8381,4
8382,3
8383,1
8384,3
8385,3
8386,4
8387,5
8388,1
8389,4
8390,5
8391,4
8392,3
8393,4
8394,3
8395,1
8396,5
8397,3
8398,5
8399,1
8400,3
8401,5
8402,5
8403,5
8404,3
8405,4
8406,4
8407,5
8408,5
8409,3
8410,5
8411,4
8412,3
8413,5
8414,5
8415,3
8416,5
8417,4
8418,3
8419,4
8420,5
8421,4
8422,5
8423,4
8424,5
8425,5
8426,3
8427,4
8428,4
8429,3
8430,5
8431,5
8432,1
8433,4
8434,2
8435,2
8436,4
8437,3
8438,5
8439,3
8440,4
8441,4
8442,5
8443,4
8444,4
8445,3
8446,5
8447,2
8448,4
8449,4
8450,5
8451,4
8452,1
8453,4
8454,4
8455,1
8456,5
8457,4
8458,4
8459,4
8460,4
8461,5
8462,5
8463,3
8464,3
8465,5
8466,3
8467,5
8468,3
8469,4
8470,2
8471,1
8472,4
8473,2
8474,1
8475,5
8476,5
8477,2
8478,5
8479,5
8480,1
8481,4
8482,1
8483,4
8484,4
8485,4
8486,4
8487,5
8488,1
8489,5
8490,4
8491,4
8492,3
8493,4
8494,3
8495,5
8496,5
8497,4
8498,5
8499,5
8500,3
8501,3
8502,5
8503,5
8504,3
8505,3
8506,4
8507,3
8508,5
8509,4
8510,3
8511,4
8512,1
8513,4
8514,5
8515,5
8516,1
8517,4
8518,4
8519,5
8520,4
8521,1
8522,5
8523,2
8524,1
8525,3
8526,5
8527,5
8528,5
8529,5
8530,1
8531,2
8532,5
8533,1
8534,5
8535,5
8536,3
8537,3
8538,1
8539,5
8540,4
8541,3
8542,3
8543,5
8544,5
8545,4
8546,2
8547,1
8548,4
8549,1
8550,5
8551,3
8552,3
8553,4
8554,5
8555,4
8556,5
8557,3
8558,1
8559,3
8560,5
8561,3
8562,5
8563,5
8564,1
8565,4
8566,4
8567,5
8568,4
8569,4
8570,4
8571,3
8572,3
8573,5
8574,5
8575,5
8576,5
8577,5
8578,3
8579,4
8580,4
8581,3
8582,4
8583,3
8584,3
8585,3
8586,3
8587,3
8588,3
8589,3
8590,5
8591,3
8592,4
8593,5
8594,5
8595,4
8596,3
8597,5
8598,4
8599,4
8600,3
8601,4
8602,5
8603,4
8604,1
8605,2
8606,3
8607,5
8608,4
8609,4
8610,4
8611,4
8612,4
8613,4
8614,5
8615,4
8616,3
8617,4
8618,5
8619,5
8620,3
8621,4
8622,3
8623,3
8624,3
8625,4
8626,5
8627,5
8628,3
8629,3
8630,5
8631,5
8632,4
8633,5
8634,3
8635,3
8636,4
8637,5
8638,4
8639,3
8640,3
8641,5
8642,5
8643,3
8644,5
8645,4
8646,5
8647,3
8648,3
8649,5
8650,4
8651,5
8652,3
8653,3
8654,1
8655,4
8656,5
8657,4
8658,1
8659,3
8660,4
8661,3
8662,3
8663,3
8664,2
8665,3
8666,3
8667,5
8668,4
8669,3
8670,1
8671,3
8672,5
8673,4
8674,4
8675,1
8676,4
8677,5
8678,5
8679,5
8680,5
8681,5
8682,5
8683,2
8684,4
8685,5
8686,4
8687,3
8688,5
8689,4
8690,3
8691,5
8692,5
8693,3
8694,3
8695,1
8696,5
8697,1
8698,3
8699,5
8700,1
8701,3
8702,3
8703,5
8704,5
8705,4
8706,2
8707,5
8708,5
8709,2
8710,4
8711,5
8712,3
8713,5
8714,5
8715,5
8716,3
8717,4
8718,1
8719,4
8720,3
8721,5
8722,5
8723,4
8724,1
8725,4
8726,5
8727,5
8728,5
8729,4
8730,5
8731,4
8732,5
8733,5
8734,5
8735,1
8736,4
8737,4
8738,2
8739,3
8740,5
8741,3
8742,3
8743,2
8744,5
8745,1
8746,1
8747,5
8748,5
8749,5
8750,4
8751,2
8752,5
8753,5
8754,1
8755,5
8756,5
8757,5
8758,5
8759,3
8760,2
8761,4
8762,1
8763,3
8764,5
8765,5
8766,5
8767,5
8768,4
8769,1
8770,1
8771,3
8772,5
8773,4
8774,5
8775,4
8776,4
8777,3
8778,4
8779,5
8780,5
8781,3
8782,3
8783,4
8784,5
8785,5
8786,5
8787,2
8788,4
8789,3
8790,4
8791,1
8792,5
8793,5
8794,3
8795,4
8796,2
8797,3
8798,4
8799,4
8800,4
8801,1
8802,5
8803,5
8804,4
8805,5
8806,5
8807,5
8808,4
8809,4
8810,2
8811,5
8812,3
8813,1
8814,4
8815,3
8816,5
8817,1
8818,5
8819,5
8820,5
8821,4
8822,5
8823,1
8824,4
8825,3
8826,1
8827,4
8828,1
8829,1
8830,5
8831,4
8832,1
8833,5
8834,3
8835,4
8836,4
8837,1
8838,3
8839,4
8840,5
8841,1
8842,5
8843,4
8844,4
8845,5
8846,3
8847,3
8848,4
8849,5
8850,4
8851,5
8852,1
8853,2
8854,4
8855,3
8856,4
8857,1
8858,5
8859,5
8860,4
8861,1
8862,2
8863,5
8864,4
8865,3
8866,1
8867,4
8868,4
8869,3
8870,5
8871,4
8872,4
8873,3
8874,2
8875,3
8876,4
8877,4
8878,5
8879,5
8880,5
8881,3
8882,5
8883,5
8884,4
8885,3
8886,5
8887,3
8888,5
8889,1
8890,4
8891,5
8892,1
8893,1
8894,5
8895,4
8896,4
8897,4
8898,5
8899,2
8900,4
8901,3
8902,1
8903,5
8904,3
8905,5
8906,5
8907,4
8908,4
8909,3
8910,2
8911,2
8912,5
8913,3
8914,5
8915,3
8916,4
8917,3
8918,3
8919,5
8920,4
8921,3
8922,4
8923,2
8924,3
8925,5
8926,4
8927,4
8928,4
8929,3
8930,3
8931,1
8932,5
8933,2
8934,3
8935,5
8936,4
8937,4
8938,4
8939,5
8940,3
8941,5
8942,1
8943,5
8944,5
8945,4
8946,5
8947,4
8948,3
8949,1
8950,2
8951,3
8952,1
8953,5
8954,1
8955,1
8956,5
8957,4
8958,2
8959,3
8960,2
8961,3
8962,4
8963,2
8964,4
8965,3
8966,3
8967,5
8968,3
8969,4
8970,4
8971,4
8972,5
8973,1
8974,3
8975,1
8976,4
8977,5
8978,4
8979,3
8980,3
8981,3
8982,5
8983,1
8984,1
8985,5
8986,5
8987,4
8988,3
8989,3
8990,4
8991,3
8992,1
8993,3
8994,1
8995,3
8996,1
8997,3
8998,5
8999,3
9000,5
9001,4
9002,5
9003,1
9004,5
9005,3
9006,1
9007,5
9008,3
9009,3
9010,5
9011,3
9012,5
9013,3
9014,5
9015,5
9016,5
9017,4
9018,2
9019,5
9020,2
9021,5
9022,3
9023,4
9024,3
9025,3
9026,4
9027,5
9028,5
9029,3
9030,3
9031,5
9032,3
9033,3
9034,4
9035,4
9036,5
9037,5
9038,5
9039,1
9040,4
9041,5
9042,3
9043,3
9044,3
9045,5
9046,5
9047,1
9048,5
9049,4
9050,5
9051,5
9052,2
9053,3
9054,3
9055,3
9056,1
9057,5
9058,1
9059,3
9060,1
9061,4
9062,3
9063,5
9064,4
9065,4
9066,4
9067,1
9068,5
9069,5
9070,4
9071,3
9072,5
9073,5
9074,1
9075,4
9076,5
9077,5
9078,3
9079,5
9080,1
9081,3
9082,5
9083,3
9084,4
9085,4
9086,1
9087,4
9088,5
9089,3
9090,5
9091,4
9092,3
9093,3
9094,3
9095,1
9096,2
9097,4
9098,5
9099,5
9100,4
9101,4
9102,2
9103,2
9104,3
9105,4
9106,4
9107,3
9108,1
9109,3
9110,1
9111,4
9112,4
9113,4
9114,3
9115,5
9116,4
9117,5
9118,5
9119,1
9120,1
9121,4
9122,5
9123,1
9124,2
9125,5
9126,3
9127,4
9128,2
9129,4
9130,3
9131,3
9132,5
9133,4
9134,5
9135,5
9136,4
9137,4
9138,5
9139,4
9140,2
9141,4
9142,3
9143,1
9144,5
9145,1
9146,4
9147,5
9148,5
9149,4
9150,4
9151,3
9152,4
9153,4
9154,1
9155,3
9156,4
9157,5
9158,3
9159,3
9160,3
9161,1
9162,3
9163,5
9164,3
9165,2
9166,1
9167,5
9168,5
9169,3
9170,3
9171,4
9172,5
9173,5
9174,5
9175,3
9176,2
9177,5
9178,4
9179,4
9180,2
9181,3
9182,5
9183,4
9184,4
9185,1
9186,5
9187,5
9188,3
9189,2
9190,3
9191,5
9192,5
9193,4
9194,2
9195,5
9196,4
9197,3
9198,4
9199,1
9200,4
9201,3
9202,5
9203,5
9204,3
9205,5
9206,1
9207,2
9208,5
9209,4
9210,3
9211,1
9212,4
9213,4
9214,5
9215,4
9216,5
9217,3
9218,1
9219,5
9220,5
9221,2
9222,5
9223,3
9224,5
9225,3
9226,5
9227,2
9228,1
9229,3
9230,5
9231,4
9232,4
9233,5
9234,3
9235,5
9236,4
9237,5
9238,4
9239,4
9240,4
9241,2
9242,5
9243,4
9244,3
9245,4
9246,1
9247,4
9248,5
9249,3
9250,3
9251,5
9252,4
9253,1
9254,5
9255,5
9256,2
9257,3
9258,5
9259,3
9260,5
9261,5
9262,5
9263,2
9264,5
9265,2
9266,4
9267,5
9268,5
9269,3
9270,4
9271,3
9272,4
9273,5
9274,3
9275,5
9276,2
9277,4
9278,4
9279,5
9280,5
9281,5
9282,4
9283,5
9284,4
9285,1
9286,5
9287,3
9288,3
9289,3
9290,3
9291,4
9292,4
9293,1
9294,1
9295,3
9296,4
9297,5
9298,4
9299,5
9300,4
9301,5
9302,3
9303,3
9304,3
9305,4
9306,5
9307,4
9308,5
9309,1
9310,5
9311,1
9312,5
9313,2
9314,4
9315,1
9316,4
9317,4
9318,5
9319,3
9320,5
9321,2
9322,4
9323,3
9324,5
9325,1
9326,2
9327,5
9328,4
9329,4
9330,5
9331,3
9332,3
9333,3
9334,5
9335,3
9336,3
9337,5
9338,4
9339,5
9340,4
9341,3
9342,5
9343,3
9344,3
9345,5
9346,4
9347,5
9348,3
9349,3
9350,5
9351,5
9352,4
9353,3
9354,5
9355,4
9356,4
9357,4
9358,5
9359,4
9360,1
9361,3
9362,3
9363,1
9364,5
9365,5
9366,2
9367,4
9368,3
9369,1
9370,5
9371,4
9372,5
9373,4
9374,2
9375,1
9376,5
9377,4
9378,4
9379,1
9380,3
9381,4
9382,5
9383,5
9384,5
9385,5
9386,3
9387,5
9388,3
9389,3
9390,3
9391,4
9392,4
9393,4
9394,4
9395,4
9396,3
9397,5
9398,4
9399,3
9400,1
9401,1
9402,4
9403,1
9404,4
9405,4
9406,5
9407,5
9408,3
9409,4
9410,5
9411,5
9412,5
9413,5
9414,2
9415,1
9416,1
9417,3
9418,4
9419,5
9420,3
9421,5
9422,4
9423,4
9424,4
9425,3
9426,4
9427,4
9428,5
9429,5
9430,4
9431,4
9432,4
9433,5
9434,3
9435,4
9436,2
9437,4
9438,5
9439,3
9440,2
9441,3
9442,4
9443,4
9444,1
9445,3
9446,1
9447,4
9448,2
9449,3
9450,1
9451,4
9452,2
9453,5
9454,1
9455,5
9456,5
9457,5
9458,5
9459,2
9460,4
9461,3
9462,2
9463,4
9464,4
9465,5
9466,4
9467,4
9468,4
9469,5
9470,5
9471,2
9472,5
9473,3
9474,5
9475,5
9476,5
9477,5
9478,5
9479,5
9480,4
9481,4
9482,5
9483,2
9484,1
9485,4
9486,3
9487,4
9488,5
9489,1
9490,5
9491,4
9492,2
9493,2
9494,4
9495,1
9496,4
9497,5
9498,5
9499,5
9500,3
9501,5
9502,4
9503,5
9504,1
9505,4
9506,5
9507,4
9508,4
9509,4
9510,5
9511,5
9512,5
9513,4
9514,5
9515,5
9516,5
9517,3
9518,5
9519,5
9520,5
9521,5
9522,4
9523,2
9524,5
9525,5
9526,3
9527,4
9528,4
9529,3
9530,5
9531,4
9532,3
9533,3
9534,5
9535,4
9536,5
9537,5
9538,3
9539,5
9540,3
9541,4
9542,3
9543,5
9544,4
9545,5
9546,4
9547,1
9548,3
9549,1
9550,4
9551,5
9552,3
9553,4
9554,5
9555,5
9556,4
9557,3
9558,5
9559,5
9560,4
9561,3
9562,5
9563,5
9564,3
9565,5
9566,1
9567,3
9568,3
9569,3
9570,5
9571,3
9572,1
9573,3
9574,5
9575,4
9576,2
9577,4
9578,5
9579,4
9580,4
9581,3
9582,3
9583,5
9584,5
9585,4
9586,3
9587,4
9588,5
9589,3
9590,3
9591,5
9592,4
9593,4
9594,3
9595,3
9596,4
9597,5
9598,5
9599,4
9600,2
9601,1
9602,4
9603,5
9604,5
9605,4
9606,5
9607,4
9608,5
9609,5
9610,3
9611,5
9612,3
9613,2
9614,5
9615,4
9616,1
9617,5
9618,4
9619,4
9620,3
9621,3
9622,4
9623,2
9624,4
9625,4
9626,5
9627,3
9628,1
9629,5
9630,4
9631,5
9632,4
9633,1
9634,5
9635,3
9636,5
9637,5
9638,4
9639,5
9640,4
9641,4
9642,3
9643,3
9644,5
9645,3
9646,5
9647,3
9648,5
9649,5
9650,1
9651,5
9652,3
9653,4
9654,3
9655,3
9656,2
9657,4
9658,5
9659,3
9660,5
9661,5
9662,3
9663,3
9664,5
9665,3
9666,5
9667,1
9668,5
9669,4
9670,5
9671,4
9672,2
9673,2
9674,4
9675,5
9676,2
9677,3
9678,3
9679,5
9680,5
9681,1
9682,5
9683,3
9684,4
9685,5
9686,5
9687,5
9688,1
9689,4
9690,3
9691,1
9692,3
9693,3
9694,5
9695,1
9696,5
9697,5
9698,5
9699,2
9700,5
9701,5
9702,2
9703,4
9704,5
9705,3
9706,3
9707,3
9708,5
9709,4
9710,1
9711,2
9712,4
9713,3
9714,5
9715,3
9716,3
9717,3
9718,5
9719,4
9720,5
9721,4
9722,4
9723,2
9724,1
9725,5
9726,4
9727,1
9728,5
9729,5
9730,5
9731,5
9732,1
9733,3
9734,4
9735,3
9736,5
9737,5
9738,5
9739,1
9740,4
9741,2
9742,5
9743,1
9744,5
9745,4
9746,4
9747,4
9748,4
9749,3
9750,2
9751,1
9752,5
9753,5
9754,4
9755,2
9756,3
9757,3
9758,3
9759,5
9760,1
9761,5
9762,3
9763,5
9764,2
9765,1
9766,5
9767,3
9768,5
9769,1
9770,1
9771,5
9772,3
9773,4
9774,3
9775,2
9776,5
9777,3
9778,5
9779,4
9780,3
9781,3
9782,4
9783,3
9784,1
9785,4
9786,5
9787,4
9788,5
9789,4
9790,5
9791,5
9792,5
9793,5
9794,4
9795,5
9796,5
9797,2
9798,4
9799,3
9800,4
9801,3
9802,4
9803,4
9804,2
9805,4
9806,1
9807,5
9808,5
9809,4
9810,5
9811,5
9812,5
9813,4
9814,4
9815,5
9816,5
9817,4
9818,5
9819,5
9820,3
9821,5
9822,3
9823,5
9824,3
9825,5
9826,2
9827,3
9828,2
9829,4
9830,4
9831,4
9832,4
9833,4
9834,2
9835,3
9836,1
9837,5
9838,3
9839,2
9840,4
9841,4
9842,2
9843,5
9844,4
9845,5
9846,4
9847,3
9848,5
9849,4
9850,3
9851,5
9852,5
9853,1
9854,5
9855,4
9856,4
9857,4
9858,5
9859,3
9860,1
9861,5
9862,3
9863,4
9864,5
9865,5
9866,5
9867,2
9868,5
9869,4
9870,5
9871,1
9872,4
9873,4
9874,5
9875,5
9876,3
9877,2
9878,3
9879,4
9880,3
9881,1
9882,5
9883,5
9884,5
9885,5
9886,5
9887,3
9888,4
9889,4
9890,5
9891,3
9892,2
9893,5
9894,5
9895,3
9896,2
9897,4
9898,3
9899,5
9900,2
9901,5
9902,3
9903,3
9904,3
9905,4
9906,3
9907,4
9908,5
9909,3
9910,3
9911,5
9912,3
9913,5
9914,1
9915,5
9916,2
9917,4
9918,4
9919,3
9920,3
9921,5
9922,4
9923,4
9924,3
9925,4
9926,5
9927,4
9928,4
9929,5
9930,5
9931,2
9932,4
9933,2
9934,2
9935,5
9936,5
9937,3
9938,3
9939,4
9940,4
9941,4
9942,1
9943,5
9944,3
9945,1
9946,3
9947,1
9948,2
9949,3
9950,4
9951,5
9952,3
9953,5
9954,5
9955,5
9956,3
9957,3
9958,4
9959,1
9960,3
9961,4
9962,5
9963,2
9964,5
9965,3
9966,5
9967,4
9968,5
9969,5
9970,1
9971,4
9972,4
9973,1
9974,3
9975,3
9976,5
9977,3
9978,5
9979,5
9980,4
9981,4
9982,5
9983,5
9984,2
9985,5
9986,3
9987,3
9988,2
9989,5
9990,4
9991,5
9992,4
9993,1
9994,2
9995,5
9996,5
9997,5
9998,5
9999,4
10000,3
10001,4
10002,1
10003,3
10004,3
10005,1
10006,5
10007,4
10008,2
10009,5
10010,5
10011,3
10012,4
10013,5
10014,5
10015,5
10016,5
10017,3
10018,3
10019,5
10020,2
10021,4
10022,5
10023,2
10024,5
10025,5
10026,5
10027,5
10028,4
10029,5
10030,5
10031,5
10032,3
10033,3
10034,5
10035,1
10036,2
10037,3
10038,3
10039,2
10040,4
10041,5
10042,4
10043,1
10044,3
10045,4
10046,4
10047,5
10048,4
10049,5
10050,3
10051,5
10052,1
10053,3
10054,4
10055,3
10056,3
10057,4
10058,2
10059,4
10060,5
10061,5
10062,4
10063,3
10064,3
10065,1
10066,5
10067,4
10068,4
10069,5
10070,2
10071,5
10072,3
10073,1
10074,3
10075,4
10076,5
10077,5
10078,5
10079,5
10080,4
10081,5
10082,3
10083,4
10084,3
10085,3
10086,1
10087,5
10088,4
10089,3
10090,4
10091,4
10092,4
10093,5
10094,5
10095,5
10096,3
10097,3
10098,3
10099,4
10100,3
10101,3
10102,4
10103,5
10104,5
10105,3
10106,4
10107,4
10108,4
10109,1
10110,3
10111,2
10112,1
10113,4
10114,4
10115,4
10116,3
10117,4
10118,4
10119,5
10120,4
10121,3
10122,5
10123,4
10124,4
10125,3
10126,5
10127,3
10128,5
10129,3
10130,5
10131,5
10132,3
10133,4
10134,4
10135,3
10136,5
10137,3
10138,4
10139,5
10140,4
10141,1
10142,1
10143,2
10144,5
10145,4
10146,1
10147,5
10148,5
10149,2
10150,4
10151,1
10152,5
10153,5
10154,4
10155,1
10156,4
10157,5
10158,3
10159,1
10160,1
10161,2
10162,5
10163,4
10164,5
10165,4
10166,1
10167,5
10168,5
10169,1
10170,4
10171,3
10172,3
10173,5
10174,3
10175,4
10176,4
10177,4
10178,5
10179,5
10180,2
10181,4
10182,5
10183,5
10184,5
10185,3
10186,4
10187,5
10188,2
10189,4
10190,5
10191,5
10192,3
10193,4
10194,4
10195,1
10196,3
10197,1
10198,5
10199,4
10200,4
10201,3
10202,5
10203,3
10204,3
10205,3
10206,5
10207,5
10208,3
10209,3
10210,5
10211,5
10212,5
10213,4
10214,3
10215,3
10216,3
10217,4
10218,3
10219,4
10220,3
10221,4
10222,4
10223,5
10224,3
10225,5
10226,3
10227,3
10228,3
10229,4
10230,4
10231,1
10232,4
10233,3
10234,4
10235,5
10236,3
10237,1
10238,2
10239,1
10240,4
10241,3
10242,4
10243,5
10244,5
10245,5
10246,5
10247,3
10248,2
10249,4
10250,5
10251,1
10252,5
10253,4
10254,3
10255,4
10256,1
10257,5
10258,4
10259,2
10260,1
10261,2
10262,2
10263,3
10264,5
10265,1
10266,4
10267,2
10268,4
10269,2
10270,5
10271,3
10272,5
10273,3
10274,5
10275,5
10276,5
10277,5
10278,5
10279,5
10280,5
10281,4
10282,3
10283,5
10284,3
10285,3
10286,4
10287,1
10288,4
10289,5
10290,4
10291,1
10292,4
10293,5
10294,5
10295,4
10296,3
10297,5
10298,4
10299,5
10300,4
10301,5
10302,5
10303,3
10304,3
10305,4
10306,5
10307,3
10308,3
10309,3
10310,5
10311,5
10312,3
10313,4
10314,2
10315,5
10316,4
10317,5
10318,5
10319,4
10320,4
10321,1
10322,3
10323,1
10324,5
10325,5
10326,4
10327,3
10328,3
10329,1
10330,3
10331,4
10332,3
10333,4
10334,3
10335,5
10336,4
10337,3
10338,5
10339,5
10340,3
10341,1
10342,3
10343,3
10344,5
10345,1
10346,5
10347,3
10348,4
10349,5
10350,3
10351,3
10352,1
10353,3
10354,5
10355,5
10356,1
10357,3
10358,5
10359,1
10360,4
10361,4
10362,5
10363,4
10364,5
10365,5
10366,1
10367,1
10368,5
10369,4
10370,5
10371,1
10372,4
10373,5
10374,3
10375,4
10376,5
10377,5
10378,4
10379,3
10380,3
10381,4
10382,5
10383,5
10384,5
10385,5
10386,2
10387,3
10388,3
10389,3
10390,5
10391,5
10392,4
10393,4
10394,4
10395,3
10396,3
10397,4
10398,5
10399,3
10400,3
10401,5
10402,3
10403,3
10404,5
10405,1
10406,3
10407,2
10408,3
10409,5
10410,3
10411,3
10412,4
10413,1
10414,4
10415,5
10416,4
10417,2
10418,5
10419,2
10420,4
10421,3
10422,3
10423,4
10424,5
10425,5
10426,5
10427,1
10428,5
10429,4
10430,4
10431,5
10432,4
10433,3
10434,4
10435,3
10436,4
10437,3
10438,3
10439,5
10440,2
10441,5
10442,5
10443,4
10444,5
10445,3
10446,5
10447,4
10448,5
10449,1
10450,4
10451,5
10452,5
10453,3
10454,5
10455,3
10456,5
10457,3
10458,4
10459,5
10460,5
10461,4
10462,5
10463,3
10464,4
10465,3
10466,5
10467,3
10468,3
10469,1
10470,3
10471,4
10472,4
10473,5
10474,3
10475,5
10476,5
10477,1
10478,4
10479,3
10480,5
10481,1
10482,3
10483,4
10484,4
10485,5
10486,3
10487,5
10488,4
10489,3
10490,4
10491,3
10492,3
10493,2
10494,3
10495,1
10496,2
10497,5
10498,3
10499,4
10500,3
10501,4
10502,5
10503,1
10504,3
10505,4
10506,3
10507,3
10508,5
10509,1
10510,4
10511,5
10512,5
10513,5
10514,5
10515,5
10516,5
10517,5
10518,5
10519,1
10520,5
10521,3
10522,3
10523,1
10524,3
10525,4
10526,5
10527,5
10528,4
10529,5
10530,5
10531,2
10532,4
10533,5
10534,5
10535,4
10536,5
10537,3
10538,5
10539,5
10540,5
10541,4
10542,5
10543,2
10544,1
10545,4
10546,5
10547,3
10548,5
10549,4
10550,4
10551,4
10552,4
10553,5
10554,5
10555,5
10556,5
10557,2
10558,4
10559,3
10560,5
10561,4
10562,5
10563,4
10564,2
10565,5
10566,5
10567,4
10568,4
10569,5
10570,1
10571,5
10572,3
10573,2
10574,5
10575,4
10576,2
10577,4
10578,4
10579,3
10580,3
10581,5
10582,5
10583,1
10584,5
10585,4
10586,2
10587,1
10588,4
10589,1
10590,4
10591,5
10592,3
10593,2
10594,3
10595,5
10596,3
10597,5
10598,2
10599,2
10600,5
10601,4
10602,5
10603,3
10604,3
10605,3
10606,5
10607,4
10608,5
10609,5
10610,1
10611,5
10612,5
10613,3
10614,4
10615,1
10616,3
10617,4
10618,5
10619,1
10620,3
10621,2
10622,5
10623,4
10624,1
10625,3
10626,5
10627,1
10628,5
10629,4
10630,5
10631,1
10632,2
10633,5
10634,5
10635,4
10636,4
10637,5
10638,1
10639,5
10640,1
10641,4
10642,4
10643,3
10644,5
10645,4
10646,5
10647,5
10648,5
10649,4
10650,1
10651,3
10652,1
10653,1
10654,1
10655,5
10656,4
10657,2
10658,4
10659,2
10660,4
10661,1
10662,4
10663,5
10664,5
10665,4
10666,1
10667,3
10668,3
10669,5
10670,5
10671,4
10672,2
10673,5
10674,3
10675,4
10676,5
10677,3
10678,5
10679,4
10680,1
10681,5
10682,4
10683,3
10684,1
10685,4
10686,5
10687,5
10688,4
10689,4
10690,1
10691,5
10692,3
10693,1
10694,5
10695,5
10696,2
10697,3
10698,5
10699,5
10700,1
10701,2
10702,5
10703,4
10704,5
10705,4
10706,4
10707,3
10708,5
10709,5
10710,5
10711,4
10712,3
10713,5
10714,1
10715,5
10716,4
10717,2
10718,5
10719,5
10720,2
10721,1
10722,5
10723,3
10724,3
10725,2
10726,5
10727,3
10728,1
10729,5
10730,5
10731,3
10732,1
10733,4
10734,5
10735,3
10736,5
10737,2
10738,3
10739,2
10740,5
10741,3
10742,4
10743,3
10744,5
10745,5
10746,5
10747,5
10748,2
10749,4
10750,5
10751,5
10752,5
10753,4
10754,2
10755,5
10756,4
10757,4
10758,4
10759,5
10760,5
10761,1
10762,5
10763,1
10764,1
10765,4
10766,1
10767,3
10768,4
10769,4
10770,5
10771,5
10772,1
10773,1
10774,2
10775,5
10776,5
10777,1
10778,5
10779,5
10780,5
10781,3
10782,3
10783,3
10784,5
10785,1
10786,4
10787,3
10788,4
10789,2
10790,2
10791,1
10792,3
10793,4
10794,5
10795,4
10796,3
10797,3
10798,2
10799,3
10800,2
10801,3
10802,3
10803,4
10804,2
10805,1
10806,4
10807,4
10808,3
10809,4
10810,5
10811,5
10812,5
10813,5
10814,1
10815,5
10816,4
10817,5
10818,5
10819,4
10820,4
10821,5
10822,3
10823,3
10824,1
10825,5
10826,3
10827,5
10828,3
10829,5
10830,5
10831,2
10832,5
10833,4
10834,4
10835,1
10836,5
10837,3
10838,2
10839,4
10840,4
10841,5
10842,3
10843,2
10844,4
10845,5
10846,4
10847,5
10848,4
10849,4
10850,3
10851,1
10852,5
10853,3
10854,5
10855,2
10856,4
10857,5
10858,3
10859,3
10860,1
10861,4
10862,5
10863,5
10864,3
10865,2
10866,4
10867,1
10868,4
10869,5
10870,4
10871,3
10872,4
10873,4
10874,4
10875,1
10876,5
10877,5
10878,1
10879,3
10880,4
10881,5
10882,5
10883,5
10884,5
10885,3
10886,5
10887,5
10888,4
10889,1
10890,1
10891,1
10892,3
10893,1
10894,4
10895,3
10896,5
10897,5
10898,5
10899,1
10900,2
10901,3
10902,4
10903,3
10904,3
10905,2
10906,5
10907,5
10908,2
10909,5
10910,3
10911,5
10912,4
10913,4
10914,1
10915,5
10916,4
10917,1
10918,4
10919,1
10920,4
10921,4
10922,1
10923,5
10924,4
10925,3
10926,3
10927,4
10928,1
10929,3
10930,5
10931,2
10932,5
10933,5
10934,2
10935,1
10936,3
10937,3
10938,5
10939,1
10940,3
10941,4
10942,5
10943,5
10944,5
10945,4
10946,5
10947,5
10948,1
10949,3
10950,1
10951,3
10952,3
10953,5
10954,1
10955,1
10956,5
10957,3
10958,3
10959,5
10960,3
10961,5
10962,5
10963,3
10964,4
10965,4
10966,5
10967,4
10968,4
10969,3
10970,5
10971,4
10972,5
10973,4
10974,5
10975,4
10976,5
10977,3
10978,5
10979,2
10980,4
10981,4
10982,3
10983,3
10984,5
10985,5
10986,3
10987,5
10988,4
10989,3
10990,2
10991,3
10992,3
10993,5
10994,5
10995,4
10996,4
10997,2
10998,4
10999,5
11000,1
11001,5
11002,4
11003,4
11004,3
11005,3
11006,1
11007,5
11008,5
11009,3
11010,4
11011,1
11012,1
11013,3
11014,5
11015,5
11016,5
11017,4
11018,2
11019,5
11020,1
11021,4
11022,3
11023,1
11024,2
11025,5
11026,1
11027,4
11028,5
11029,5
11030,5
11031,5
11032,5
11033,4
11034,5
11035,3
11036,3
11037,5
11038,5
11039,5
11040,4
11041,4
11042,1
11043,3
11044,5
11045,5
11046,4
11047,3
11048,2
11049,4
11050,4
11051,3
11052,4
11053,5
11054,1
11055,3
11056,1
11057,4
11058,3
11059,5
11060,4
11061,4
11062,5
11063,2
11064,5
11065,3
11066,1
11067,2
11068,5
11069,4
11070,4
11071,5
11072,5
11073,3
11074,3
11075,5
11076,5
11077,3
11078,4
11079,4
11080,5
11081,4
11082,5
11083,3
11084,4
11085,5
11086,5
11087,3
11088,5
11089,5
11090,4
11091,3
11092,2
11093,5
11094,5
11095,4
11096,2
11097,5
11098,5
11099,5
11100,1
11101,3
11102,5
11103,4
11104,3
11105,1
11106,3
11107,5
11108,5
11109,3
11110,3
11111,5
11112,3
11113,5
11114,4
11115,5
11116,3
11117,3
11118,1
11119,3
11120,4
11121,3
11122,5
11123,4
11124,2
11125,4
11126,5
11127,5
11128,5
11129,5
11130,5
11131,3
11132,2
11133,3
11134,5
11135,5
11136,4
11137,4
11138,3
11139,3
11140,3
11141,5
11142,5
11143,1
11144,1
11145,2
11146,5
11147,5
11148,5
11149,4
11150,3
11151,4
11152,4
11153,5
11154,3
11155,5
11156,4
11157,5
11158,2
11159,5
11160,4
11161,4
11162,4
11163,3
11164,1
11165,3
11166,2
11167,3
11168,5
11169,3
11170,4
11171,3
11172,1
11173,5
11174,4
11175,2
11176,3
11177,3
11178,4
11179,4
11180,5
11181,3
11182,3
11183,5
11184,5
11185,5
11186,1
11187,3
11188,5
11189,4
11190,3
11191,4
11192,4
11193,1
11194,1
11195,5
11196,4
11197,5
11198,3
11199,2
11200,3
11201,1
11202,1
11203,1
11204,5
11205,5
11206,1
11207,1
11208,5
11209,5
11210,5
11211,4
11212,1
11213,4
11214,1
11215,3
11216,5
11217,5
11218,4
11219,5
11220,5
11221,5
11222,5
11223,5
11224,4
11225,3
11226,5
11227,1
11228,4
11229,5
11230,3
11231,4
11232,5
11233,3
11234,4
11235,3
11236,3
11237,5
11238,5
11239,5
11240,5
11241,5
11242,3
11243,3
11244,5
11245,5
11246,5
11247,3
11248,3
11249,1
11250,3
11251,5
11252,4
11253,5
11254,3
11255,2
11256,1
11257,5
11258,3
11259,4
11260,5
11261,4
11262,5
11263,5
11264,5
11265,5
11266,5
11267,3
11268,4
11269,5
11270,5
11271,2
11272,4
11273,2
11274,5
11275,2
11276,2
11277,5
11278,1
11279,4
11280,5
11281,5
11282,5
11283,5
11284,2
11285,3
11286,5
11287,5
11288,3
11289,4
11290,1
11291,3
11292,5
11293,3
11294,2
11295,4
11296,3
11297,3
11298,5
11299,4
11300,3
11301,5
11302,3
11303,3
11304,5
11305,1
11306,2
11307,5
11308,1
11309,3
11310,5
11311,3
11312,5
11313,5
11314,5
11315,3
11316,5
11317,4
11318,5
11319,4
11320,4
11321,5
11322,1
11323,3
11324,5
11325,5
11326,5
11327,3
11328,5
11329,5
11330,1
11331,5
11332,4
11333,3
11334,3
11335,4
11336,1
11337,2
11338,3
11339,3
11340,5
11341,5
11342,5
11343,4
11344,4
11345,3
11346,3
11347,1
11348,1
11349,4
11350,3
11351,4
11352,5
11353,5
11354,4
11355,4
11356,5
11357,4
11358,3
11359,4
11360,4
11361,1
11362,3
11363,4
11364,5
11365,3
11366,3
11367,5
11368,5
11369,2
11370,4
11371,4
11372,4
11373,4
11374,3
11375,3
11376,4
11377,4
11378,5
11379,5
11380,5
11381,5
11382,2
11383,5
11384,4
11385,4
11386,3
11387,3
11388,5
11389,1
11390,5
11391,1
11392,5
11393,2
11394,5
11395,3
11396,5
11397,5
11398,2
11399,5
11400,3
11401,4
11402,3
11403,4
11404,3
11405,3
11406,3
11407,3
11408,1
11409,1
11410,1
11411,4
11412,5
11413,1
11414,4
11415,1
11416,5
11417,4
11418,4
11419,5
11420,4
11421,4
11422,4
11423,5
11424,5
11425,2
11426,3
11427,4
11428,5
11429,1
11430,5
11431,3
11432,5
11433,5
11434,3
11435,4
11436,4
11437,5
11438,2
11439,5
11440,5
11441,3
11442,3
11443,5
11444,3
11445,5
11446,5
11447,3
11448,3
11449,5
11450,5
11451,3
11452,2
11453,5
11454,4
11455,5
11456,4
11457,4
11458,4
11459,5
11460,4
11461,5
11462,3
11463,3
11464,1
11465,5
11466,4
11467,3
11468,5
11469,5
11470,3
11471,4
11472,5
11473,5
11474,4
11475,3
11476,4
11477,5
11478,5
11479,5
11480,5
11481,3
11482,4
11483,4
11484,5
11485,4
11486,4
11487,3
11488,4
11489,4
11490,1
11491,4
11492,5
11493,5
11494,4
11495,3
11496,1
11497,3
11498,2
11499,1
11500,4
11501,2
11502,3
11503,5
11504,5
11505,4
11506,4
11507,3
11508,3
11509,2
11510,3
11511,5
11512,5
11513,3
11514,5
11515,3
11516,1
11517,4
11518,5
11519,4
11520,1
11521,5
11522,2
11523,5
11524,1
11525,4
11526,5
11527,3
11528,3
11529,5
11530,5
11531,4
11532,3
11533,3
11534,5
11535,5
11536,4
11537,2
11538,5
11539,5
11540,1
11541,4
11542,4
11543,5
11544,3
11545,5
11546,4
11547,1
11548,3
11549,5
11550,1
11551,5
11552,4
11553,3
11554,1
11555,5
11556,1
11557,2
11558,4
11559,4
11560,4
11561,3
11562,3
11563,4
11564,4
11565,3
11566,5
11567,5
11568,5
11569,4
11570,5
11571,5
11572,3
11573,5
11574,3
11575,5
11576,1
11577,1
11578,3
11579,1
11580,5
11581,2
11582,3
11583,5
11584,5
11585,5
11586,4
11587,4
11588,5
11589,5
11590,1
11591,3
11592,1
11593,5
11594,3
11595,4
11596,4
11597,4
11598,3
11599,2
11600,5
11601,5
11602,3
11603,5
11604,5
11605,5
11606,2
11607,1
11608,3
11609,5
11610,5
11611,1
11612,5
11613,5
11614,5
11615,5
11616,3
11617,4
11618,3
11619,3
11620,5
11621,1
11622,5
11623,1
11624,5
11625,5
11626,4
11627,3
11628,4
11629,1
11630,3
11631,3
11632,3
11633,5
11634,3
11635,5
11636,4
11637,3
11638,5
11639,4
11640,3
11641,5
11642,5
11643,5
11644,3
11645,5
11646,5
11647,4
11648,5
11649,4
11650,4
11651,4
11652,4
11653,4
11654,1
11655,5
11656,2
11657,4
11658,3
11659,2
11660,1
11661,5
11662,2
11663,5
11664,4
11665,3
11666,3
11667,1
11668,4
11669,5
11670,5
11671,5
11672,3
11673,3
11674,2
11675,5
11676,5
11677,5
11678,5
11679,3
11680,5
11681,3
11682,5
11683,3
11684,3
11685,4
11686,5
11687,5
11688,4
11689,4
11690,4
11691,4
11692,4
11693,4
11694,5
11695,4
11696,4
11697,3
11698,1
11699,3
11700,2
11701,1
11702,4
11703,3
11704,5
11705,3
11706,4
11707,5
11708,5
11709,2
11710,3
11711,3
11712,4
11713,4
11714,5
11715,5
11716,2
11717,3
11718,5
11719,5
11720,4
11721,1
11722,3
11723,3
11724,4
11725,5
11726,3
11727,1
11728,4
11729,5
11730,5
11731,3
11732,4
11733,5
11734,3
11735,3
11736,3
11737,5
11738,3
11739,1
11740,5
11741,3
11742,5
11743,3
11744,1
11745,1
11746,5
11747,2
11748,2
11749,5
11750,4
11751,4
11752,5
11753,4
11754,4
11755,4
11756,3
11757,3
11758,5
11759,3
11760,3
11761,1
11762,3
11763,2
11764,2
11765,4
11766,5
11767,3
11768,1
11769,5
11770,4
11771,4
11772,5
11773,1
11774,1
11775,1
11776,1
11777,4
11778,5
11779,4
11780,5
11781,2
11782,4
11783,5
11784,4
11785,1
11786,4
11787,4
11788,5
11789,2
11790,5
11791,3
11792,5
11793,5
11794,5
11795,1
11796,5
11797,5
11798,5
11799,4
11800,5
11801,4
11802,5
11803,4
11804,1
11805,4
11806,5
11807,3
11808,4
11809,5
11810,3
11811,3
11812,5
11813,1
11814,3
11815,5
11816,3
11817,5
11818,1
11819,5
11820,5
11821,2
11822,1
11823,3
11824,4
11825,4
11826,1
11827,4
11828,4
11829,5
11830,1
11831,5
11832,3
11833,3
11834,2
11835,5
11836,5
11837,5
11838,3
11839,3
11840,5
11841,5
11842,5
11843,1
11844,5
11845,2
11846,5
11847,4
11848,5
11849,5
11850,3
11851,4
11852,1
11853,5
11854,5
11855,1
11856,3
11857,5
11858,5
11859,4
11860,4
11861,3
11862,2
11863,1
11864,1
11865,2
11866,4
11867,1
11868,3
11869,3
11870,5
11871,1
11872,1
11873,5
11874,5
11875,5
11876,3
11877,1
11878,4
11879,5
11880,4
11881,5
11882,4
11883,4
11884,5
11885,1
11886,4
11887,3
11888,4
11889,4
11890,4
11891,5
11892,3
11893,5
11894,5
11895,3
11896,5
11897,4
11898,5
11899,3
11900,5
11901,4
11902,3
11903,3
11904,5
11905,1
11906,1
11907,3
11908,3
11909,3
11910,4
11911,5
11912,5
11913,5
11914,5
11915,2
11916,4
11917,3
11918,3
11919,4
11920,4
11921,3
11922,5
11923,3
11924,5
11925,1
11926,3
11927,3
11928,4
11929,2
11930,3
11931,5
11932,4
11933,5
11934,4
11935,5
11936,5
11937,5
11938,5
11939,5
11940,3
11941,4
11942,5
11943,4
11944,3
11945,5
11946,4
11947,5
11948,2
11949,4
11950,5
11951,5
11952,5
11953,3
11954,3
11955,3
11956,3
11957,5
11958,5
11959,4
11960,1
11961,5
11962,5
11963,5
11964,1
11965,4
11966,1
11967,5
11968,4
11969,2
11970,5
11971,5
11972,3
11973,4
11974,1
11975,1
11976,4
11977,4
11978,1
11979,3
11980,2
11981,5
11982,5
11983,5
11984,3
11985,4
11986,3
11987,4
11988,3
11989,5
11990,5
11991,3
11992,3
11993,5
11994,5
11995,5
11996,3
11997,5
11998,2
11999,5
12000,5
12001,5
12002,5
12003,4
12004,4
12005,5
12006,5
12007,5
12008,5
12009,4
12010,4
12011,5
12012,4
12013,5
12014,5
12015,5
12016,5
12017,5
12018,5
12019,4
12020,5
12021,3
12022,5
12023,4
12024,4
12025,5
12026,5
12027,5
12028,5
12029,4
12030,5
12031,5
12032,4
12033,4
12034,5
12035,5
12036,5
12037,4
12038,5
12039,4
12040,5
12041,4
12042,5
12043,5
12044,4
12045,5
12046,5
12047,4
12048,4
12049,5
12050,5
12051,5
12052,4
12053,5
12054,3
12055,4
12056,5
12057,5
12058,5
12059,5
12060,5
12061,4
12062,5
12063,5
12064,5
12065,5
12066,5
12067,5
12068,5
12069,5
12070,2
12071,5
12072,5
12073,5
12074,5
12075,5
12076,5
12077,5
12078,4
12079,4
12080,5
12081,5
12082,5
12083,3
12084,5
12085,5
12086,3
12087,5
12088,5
12089,5
12090,5
12091,4
12092,4
12093,5
12094,5
12095,5
12096,5
12097,5
12098,5
12099,5
12100,1
12101,5
12102,4
12103,5
12104,3
12105,5
12106,5
12107,5
12108,4
12109,5
12110,5
12111,5
12112,1
12113,4
12114,4
12115,5
12116,5
12117,4
12118,5
12119,3
12120,4
12121,5
12122,2
12123,5
12124,4
12125,5
12126,5
12127,5
12128,1
12129,5
12130,5
12131,5
12132,5
12133,4
12134,5
12135,5
12136,5
12137,5
12138,5
12139,5
12140,5
12141,5
12142,1
12143,4
12144,5
12145,5
12146,4
12147,5
12148,5
12149,5
12150,4
12151,5
12152,5
12153,3
12154,5
12155,2
12156,5
12157,3
12158,5
12159,5
12160,4
12161,5
12162,5
12163,5
12164,5
12165,5
12166,5
12167,5
12168,5
12169,5
12170,4
12171,5
12172,4
12173,5
12174,4
12175,5
12176,5
12177,5
12178,4
12179,4
12180,5
12181,5
12182,4
12183,3
12184,5
12185,4
12186,4
12187,4
12188,5
12189,5
12190,5
12191,3
12192,4
12193,4
12194,4
12195,3
12196,4
12197,3
12198,5
12199,5
12200,5
12201,4
12202,4
12203,5
12204,5
12205,5
12206,4
12207,5
12208,5
12209,5
12210,5
12211,4
12212,5
12213,4
12214,5
12215,5
12216,5
12217,4
12218,5
12219,5
12220,4
12221,3
12222,5
12223,4
12224,5
12225,5
12226,5
12227,4
12228,4
12229,5
12230,4
12231,4
12232,5
12233,2
12234,3
12235,4
12236,4
12237,3
12238,5
12239,4
12240,4
12241,5
12242,5
12243,5
12244,5
12245,5
12246,5
12247,4
12248,5
12249,5
12250,5
12251,4
12252,5
12253,5
12254,4
12255,5
12256,4
12257,5
12258,4
12259,5
12260,4
12261,4
12262,3
12263,3
12264,5
12265,5
12266,4
12267,5
12268,4
12269,5
12270,5
12271,5
12272,4
12273,5
12274,5
12275,4
12276,5
12277,1
12278,5
12279,4
12280,5
12281,5
12282,4
12283,5
12284,3
12285,4
12286,3
12287,5
12288,4
12289,5
12290,5
12291,5
12292,5
12293,4
12294,4
12295,5
12296,4
12297,5
12298,4
12299,4
12300,5
12301,3
12302,5
12303,5
12304,5
12305,5
12306,1
12307,4
12308,4
12309,1
12310,5
12311,4
12312,4
12313,5
12314,5
12315,5
12316,5
12317,5
12318,5
12319,3
12320,5
12321,4
12322,5
12323,5
12324,1
12325,4
12326,4
12327,4
12328,5
12329,5
12330,3
12331,5
12332,5
12333,5
12334,5
12335,4
12336,5
12337,4
12338,5
12339,5
12340,5
12341,5
12342,5
12343,4
12344,5
12345,5
12346,4
12347,4
12348,4
12349,4
12350,5
12351,5
12352,5
12353,4
12354,5
12355,4
12356,3
12357,2
12358,5
12359,5
12360,5
12361,5
12362,3
12363,4
12364,5
12365,1
12366,4
12367,5
12368,4
12369,5
12370,5
12371,5
12372,3
12373,5
12374,5
12375,5
12376,5
12377,3
12378,3
12379,4
12380,4
12381,4
12382,3
12383,3
12384,5
12385,4
12386,4
12387,5
12388,4
12389,5
12390,5
12391,4
12392,4
12393,5
12394,5
12395,4
12396,5
12397,4
12398,4
12399,5
12400,5
12401,5
12402,5
12403,5
12404,5
12405,5
12406,5
12407,5
12408,4
12409,4
12410,3
12411,5
12412,4
12413,5
12414,5
12415,5
12416,5
12417,5
12418,5
12419,5
12420,4
12421,5
12422,4
12423,3
12424,5
12425,3
12426,4
12427,5
12428,4
12429,4
12430,5
12431,5
12432,5
12433,5
12434,5
12435,5
12436,3
12437,5
12438,4
12439,4
12440,5
12441,4
12442,5
12443,3
12444,4
12445,5
12446,5
12447,3
12448,5
12449,5
12450,5
12451,5
12452,5
12453,5
12454,5
12455,4
12456,5
12457,5
12458,4
12459,4
12460,5
12461,5
12462,4
12463,3
12464,4
12465,4
12466,4
12467,5
12468,5
12469,4
12470,4
12471,4
12472,4
12473,2
12474,5
12475,4
12476,5
12477,4
12478,5
12479,4
12480,4
12481,5
12482,5
12483,5
12484,4
12485,3
12486,5
12487,4
12488,5
12489,4
12490,4
12491,5
12492,5
12493,5
12494,3
12495,5
12496,4
12497,4
12498,5
12499,4
12500,5
12501,4
12502,4
12503,4
12504,4
12505,5
12506,1
12507,5
12508,5
12509,4
12510,4
12511,2
12512,5
12513,4
12514,5
12515,5
12516,5
12517,4
12518,5
12519,4
12520,4
12521,5
12522,5
12523,5
12524,5
12525,5
12526,4
12527,5
12528,5
12529,5
12530,5
12531,4
12532,5
12533,5
12534,5
12535,5
12536,5
12537,5
12538,5
12539,5
12540,5
12541,4
12542,5
12543,5
12544,5
12545,4
12546,5
12547,5
12548,5
12549,5
12550,5
12551,2
12552,5
12553,5
12554,5
12555,4
12556,5
12557,2
12558,5
12559,5
12560,5
12561,4
12562,4
12563,4
12564,4
12565,4
12566,5
12567,5
12568,5
12569,5
12570,5
12571,5
12572,5
12573,5
12574,5
12575,4
12576,4
12577,5
12578,3
12579,5
12580,5
12581,5
12582,4
12583,4
12584,5
12585,5
12586,5
12587,5
12588,4
12589,4
12590,4
12591,4
12592,4
12593,5
12594,4
12595,5
12596,4
12597,4
12598,5
12599,4
12600,4
12601,5
12602,5
12603,5
12604,4
12605,5
12606,4
12607,5
12608,5
12609,5
12610,5
12611,5
12612,5
12613,5
12614,3
12615,5
12616,5
12617,5
12618,5
12619,5
12620,5
12621,5
12622,5
12623,3
12624,5
12625,4
12626,5
12627,5
12628,5
12629,5
12630,5
12631,4
12632,5
12633,5
12634,3
12635,5
12636,5
12637,1
12638,4
12639,3
12640,5
12641,5
12642,4
12643,5
12644,5
12645,5
12646,5
12647,5
12648,4
12649,5
12650,5
12651,4
12652,4
12653,5
12654,5
12655,5
12656,5
12657,5
12658,4
12659,5
12660,5
12661,4
12662,5
12663,1
12664,5
12665,5
12666,4
12667,5
12668,5
12669,5
12670,4
12671,5
12672,5
12673,4
12674,4
12675,5
12676,5
12677,5
12678,5
12679,4
12680,5
12681,5
12682,5
12683,5
12684,5
12685,4
12686,5
12687,4
12688,4
12689,5
12690,5
12691,4
12692,4
12693,4
12694,3
12695,5
12696,5
12697,5
12698,4
12699,4
12700,5
12701,5
12702,4
12703,5
12704,5
12705,5
12706,5
12707,4
12708,4
12709,5
12710,5
12711,5
12712,5
12713,5
12714,4
12715,5
12716,5
12717,4
12718,4
12719,4
12720,4
12721,5
12722,1
12723,5
12724,3
12725,5
12726,3
12727,5
12728,5
12729,4
12730,4
12731,3
12732,4
12733,5
12734,5
12735,4
12736,1
12737,4
12738,5
12739,4
12740,4
12741,5
12742,4
12743,5
12744,4
12745,1
12746,4
12747,4
12748,4
12749,5
12750,4
12751,5
12752,4
12753,5
12754,4
12755,5
12756,4
12757,5
12758,5
12759,5
12760,5
12761,5
12762,4
12763,4
12764,3
12765,5
12766,4
12767,1
12768,4
12769,5
12770,4
12771,5
12772,5
12773,4
12774,4
12775,4
12776,4
12777,5
12778,5
12779,5
12780,5
12781,5
12782,4
12783,4
12784,5
12785,5
12786,5
12787,4
12788,4
12789,3
12790,5
12791,1
12792,3
12793,4
12794,5
12795,5
12796,5
12797,5
12798,5
12799,5
12800,4
12801,4
12802,4
12803,5
12804,5
12805,4
12806,5
12807,5
12808,5
12809,5
12810,1
12811,4
12812,5
12813,4
12814,2
12815,5
12816,5
12817,3
12818,5
12819,4
12820,5
12821,5
12822,5
12823,5
12824,5
12825,4
12826,4
12827,4
12828,5
12829,4
12830,5
12831,5
12832,5
12833,5
12834,3
12835,5
12836,5
12837,4
12838,5
12839,3
12840,5
12841,4
12842,3
12843,1
12844,5
12845,5
12846,5
12847,5
12848,4
12849,4
12850,5
12851,5
12852,4
12853,5
12854,1
12855,1
12856,5
12857,5
12858,4
12859,4
12860,4
12861,5
12862,1
12863,4
12864,4
12865,2
12866,5
12867,5
12868,5
12869,5
12870,3
12871,3
12872,4
12873,5
12874,4
12875,5
12876,4
12877,5
12878,5
12879,5
12880,3
12881,5
12882,5
12883,4
12884,5
12885,5
12886,5
12887,5
12888,5
12889,1
12890,3
12891,2
12892,5
12893,5
12894,4
12895,4
12896,4
12897,5
12898,5
12899,4
12900,1
12901,4
12902,5
12903,5
12904,5
12905,5
12906,5
12907,3
12908,5
12909,5
12910,4
12911,4
12912,5
12913,5
12914,1
12915,5
12916,5
12917,5
12918,5
12919,5
12920,4
12921,5
12922,4
12923,5
12924,4
12925,5
12926,5
12927,5
12928,5
12929,4
12930,4
12931,5
12932,4
12933,5
12934,5
12935,5
12936,5
12937,5
12938,5
12939,4
12940,5
12941,5
12942,5
12943,5
12944,5
12945,5
12946,4
12947,4
12948,5
12949,5
12950,3
12951,4
12952,3
12953,5
12954,4
12955,4
12956,4
12957,4
12958,4
12959,5
12960,3
12961,4
12962,5
12963,4
12964,4
12965,1
12966,5
12967,4
12968,5
12969,1
12970,5
12971,5
12972,5
12973,5
12974,4
12975,5
12976,5
12977,5
12978,5
12979,5
12980,5
12981,3
12982,4
12983,4
12984,5
12985,2
12986,4
12987,5
12988,4
12989,5
12990,4
12991,5
12992,5
12993,4
12994,5
12995,1
12996,5
12997,3
12998,5
12999,4
13000,1
13001,5
13002,4
13003,5
13004,5
13005,5
13006,5
13007,5
13008,5
13009,5
13010,5
13011,5
13012,5
13013,5
13014,4
13015,5
13016,5
13017,5
13018,4
13019,5
13020,4
13021,4
13022,4
13023,4
13024,5
13025,4
13026,5
13027,5
13028,4
13029,4
13030,4
13031,5
13032,5
13033,3
13034,5
13035,4
13036,5
13037,5
13038,5
13039,5
13040,5
13041,4
13042,4
13043,5
13044,5
13045,5
13046,5
13047,4
13048,5
13049,5
13050,5
13051,3
13052,3
13053,5
13054,4
13055,5
13056,5
13057,4
13058,5
13059,5
13060,5
13061,5
13062,5
13063,4
13064,5
13065,1
13066,5
13067,5
13068,4
13069,5
13070,5
13071,4
13072,5
13073,3
13074,4
13075,5
13076,3
13077,5
13078,5
13079,5
13080,5
13081,5
13082,5
13083,5
13084,5
13085,5
13086,4
13087,4
13088,4
13089,5
13090,5
13091,4
13092,4
13093,4
13094,4
13095,5
13096,4
13097,5
13098,3
13099,4
13100,5
13101,5
13102,4
13103,5
13104,5
13105,3
13106,4
13107,2
13108,5
13109,2
13110,5
13111,5
13112,4
13113,4
13114,4
13115,4
13116,5
13117,3
13118,5
13119,5
13120,5
13121,5
13122,4
13123,5
13124,4
13125,4
13126,3
13127,5
13128,5
13129,5
13130,4
13131,4
13132,3
13133,4
13134,3
13135,3
13136,5
13137,5
13138,5
13139,5
13140,5
13141,4
13142,4
13143,5
13144,5
13145,5
13146,4
13147,5
13148,5
13149,5
13150,5
13151,5
13152,3
13153,5
13154,4
13155,5
13156,4
13157,5
13158,4
13159,4
13160,5
13161,5
13162,4
13163,3
13164,4
13165,4
13166,4
13167,5
13168,2
13169,5
13170,5
13171,5
13172,5
13173,5
13174,4
13175,5
13176,5
13177,3
13178,5
13179,5
13180,5
13181,5
13182,5
13183,4
13184,5
13185,5
13186,5
13187,1
13188,4
13189,5
13190,5
13191,4
13192,3
13193,4
13194,4
13195,4
13196,5
13197,5
13198,5
13199,5
13200,3
13201,4
13202,5
13203,5
13204,4
13205,5
13206,4
13207,5
13208,5
13209,5
13210,4
13211,5
13212,5
13213,1
13214,3
13215,4
13216,4
13217,5
13218,5
13219,4
13220,4
13221,5
13222,4
13223,5
13224,5
13225,5
13226,4
13227,4
13228,5
13229,4
13230,5
13231,5
13232,1
13233,4
13234,1
13235,4
13236,5
13237,5
13238,4
13239,3
13240,4
13241,5
13242,4
13243,4
13244,4
13245,4
13246,5
13247,4
13248,4
13249,5
13250,5
13251,5
13252,3
13253,5
13254,4
13255,4
13256,5
13257,5
13258,4
13259,5
13260,4
13261,5
13262,4
13263,4
13264,5
13265,5
13266,5
13267,4
13268,5
13269,5
13270,4
13271,4
13272,5
13273,5
13274,5
13275,4
13276,5
13277,5
13278,5
13279,4
13280,4
13281,5
13282,4
13283,3
13284,5
13285,4
13286,2
13287,5
13288,5
13289,5
13290,3
13291,5
13292,3
13293,4
13294,5
13295,5
13296,5
13297,3
13298,5
13299,2
13300,5
13301,5
13302,4
13303,5
13304,5
13305,5
13306,4
13307,5
13308,4
13309,5
13310,4
13311,1
13312,5
13313,4
13314,3
13315,5
13316,5
13317,5
13318,5
13319,5
13320,5
13321,4
13322,4
13323,4
13324,5
13325,5
13326,5
13327,5
13328,4
13329,5
13330,3
13331,5
13332,5
13333,5
13334,5
13335,1
13336,5
13337,4
13338,2
13339,5
13340,5
13341,5
13342,5
13343,5
13344,4
13345,4
13346,5
13347,4
13348,4
13349,3
13350,4
13351,5
13352,3
13353,5
13354,4
13355,4
13356,5
13357,4
13358,5
13359,5
13360,5
13361,5
13362,5
13363,5
13364,5
13365,5
13366,4
13367,5
13368,4
13369,3
13370,4
13371,5
13372,4
13373,5
13374,5
13375,5
13376,5
13377,4
13378,5
13379,4
13380,3
13381,3
13382,5
13383,5
13384,5
13385,1
13386,5
13387,4
13388,5
13389,5
13390,5
13391,5
13392,4
13393,4
13394,4
13395,5
13396,4
13397,5
13398,4
13399,5
13400,1
13401,5
13402,4
13403,5
13404,4
13405,5
13406,5
13407,5
13408,5
13409,4
13410,5
13411,4
13412,5
13413,4
13414,5
13415,4
13416,5
13417,4
13418,3
13419,5
13420,5
13421,3
13422,5
13423,4
13424,5
13425,5
13426,4
13427,5
13428,1
13429,5
13430,5
13431,5
13432,4
13433,5
13434,5
13435,4
13436,5
13437,4
13438,3
13439,3
13440,5
13441,4
13442,5
13443,5
13444,1
13445,4
13446,5
13447,4
13448,4
13449,5
13450,5
13451,4
13452,4
13453,4
13454,5
13455,5
13456,5
13457,5
13458,4
13459,5
13460,5
13461,5
13462,4
13463,4
13464,5
13465,3
13466,5
13467,3
13468,5
13469,5
13470,5
13471,5
13472,4
13473,4
13474,3
13475,5
13476,5
13477,5
13478,5
13479,3
13480,5
13481,5
13482,5
13483,5
13484,4
13485,3
13486,5
13487,4
13488,5
13489,5
13490,5
13491,4
13492,4
13493,5
13494,5
13495,5
13496,5
13497,5
13498,5
13499,4
13500,1
13501,5
13502,5
13503,5
13504,4
13505,5
13506,4
13507,4
13508,5
13509,3
13510,5
13511,5
13512,5
13513,5
13514,4
13515,4
13516,1
13517,5
13518,4
13519,5
13520,4
13521,1
13522,5
13523,5
13524,1
13525,4
13526,4
13527,5
13528,2
13529,4
13530,5
13531,5
13532,4
13533,5
13534,4
13535,5
13536,5
13537,4
13538,5
13539,4
13540,5
13541,5
13542,5
13543,5
13544,5
13545,4
13546,5
13547,5
13548,4
13549,3
13550,5
13551,4
13552,4
13553,3
13554,5
13555,5
13556,5
13557,3
13558,5
13559,5
13560,5
13561,5
13562,5
13563,4
13564,5
13565,4
13566,4
13567,5
13568,5
13569,3
13570,5
13571,4
13572,5
13573,3
13574,5
13575,5
13576,5
13577,5
13578,5
13579,4
13580,3
13581,4
13582,3
13583,4
13584,5
13585,3
13586,5
13587,5
13588,5
13589,4
13590,5
13591,4
13592,5
13593,4
13594,3
13595,5
13596,5
13597,5
13598,5
13599,5
13600,5
13601,4
13602,5
13603,5
13604,4
13605,4
13606,5
13607,5
13608,5
13609,4
13610,5
13611,5
13612,5
13613,4
13614,4
13615,5
13616,5
13617,5
13618,5
13619,5
13620,5
13621,5
13622,5
13623,5
13624,4
13625,5
13626,5
13627,2
13628,5
13629,5
13630,5
13631,5
13632,4
13633,5
13634,5
13635,5
13636,2
13637,5
13638,4
13639,5
13640,5
13641,5
13642,5
13643,5
13644,5
13645,5
13646,5
13647,5
13648,5
13649,5
13650,5
13651,5
13652,4
13653,5
13654,4
13655,5
13656,5
13657,5
13658,5
13659,3
13660,4
13661,5
13662,5
13663,5
13664,4
13665,5
13666,5
13667,4
13668,5
13669,4
13670,5
13671,5
13672,5
13673,5
13674,4
13675,1
13676,4
13677,5
13678,4
13679,4
13680,4
13681,5
13682,5
13683,5
13684,3
13685,3
13686,5
13687,5
13688,5
13689,5
13690,4
13691,4
13692,4
13693,5
13694,4
13695,5
13696,5
13697,5
13698,5
13699,5
13700,5
13701,5
13702,4
13703,3
13704,5
13705,4
13706,5
13707,1
13708,4
13709,5
13710,4
13711,5
13712,3
13713,5
13714,5
13715,5
13716,4
13717,4
13718,5
13719,3
13720,4
13721,5
13722,5
13723,4
13724,5
13725,5
13726,4
13727,4
13728,4
13729,5
13730,5
13731,5
13732,5
13733,3
13734,4
13735,4
13736,4
13737,4
13738,4
13739,5
13740,5
13741,5
13742,5
13743,5
13744,5
13745,4
13746,4
13747,5
13748,5
13749,4
13750,5
13751,5
13752,5
13753,5
13754,5
13755,2
13756,4
13757,5
13758,4
13759,3
13760,5
13761,1
13762,4
13763,4
13764,4
13765,4
13766,5
13767,1
13768,4
13769,5
13770,5
13771,5
13772,2
13773,5
13774,4
13775,5
13776,5
13777,5
13778,5
13779,5
13780,5
13781,5
13782,5
13783,5
13784,4
13785,5
13786,3
13787,5
13788,5
13789,4
13790,4
13791,5
13792,5
13793,1
13794,5
13795,5
13796,1
13797,4
13798,5
13799,5
13800,5
13801,3
13802,5
13803,4
13804,5
13805,4
13806,4
13807,4
13808,5
13809,4
13810,5
13811,5
13812,5
13813,5
13814,5
13815,5
13816,5
13817,5
13818,5
13819,5
13820,5
13821,5
13822,5
13823,5
13824,5
13825,5
13826,5
13827,5
13828,4
13829,5
13830,5
13831,5
13832,5
13833,4
13834,4
13835,4
13836,5
13837,4
13838,5
13839,4
13840,4
13841,3
13842,5
13843,5
13844,5
13845,5
13846,5
13847,5
13848,4
13849,4
13850,3
13851,4
13852,5
13853,3
13854,5
13855,4
13856,4
13857,5
13858,4
13859,5
13860,5
13861,5
13862,5
13863,5
13864,5
13865,3
13866,2
13867,4
13868,4
13869,3
13870,5
13871,3
13872,4
13873,4
13874,4
13875,4
13876,4
13877,5
13878,5
13879,5
13880,5
13881,5
13882,4
13883,5
13884,5
13885,4
13886,5
13887,5
13888,5
13889,5
13890,5
13891,5
13892,5
13893,5
13894,1
13895,3
13896,4
13897,4
13898,4
13899,4
13900,4
13901,4
13902,5
13903,5
13904,1
13905,5
13906,3
13907,5
13908,5
13909,5
13910,5
13911,4
13912,4
13913,5
13914,5
13915,5
13916,4
13917,5
13918,5
13919,4
13920,4
13921,5
13922,5
13923,4
13924,4
13925,5
13926,5
13927,5
13928,4
13929,4
13930,4
13931,4
13932,5
13933,2
13934,5
13935,4
13936,5
13937,1
13938,5
13939,4
13940,4
13941,3
13942,4
13943,5
13944,5
13945,4
13946,4
13947,1
13948,5
13949,4
13950,5
13951,5
13952,4
13953,4
13954,5
13955,1
13956,5
13957,4
13958,5
13959,5
13960,4
13961,4
13962,5
13963,1
13964,4
13965,5
13966,4
13967,5
13968,5
13969,4
13970,5
13971,5
13972,4
13973,4
13974,5
13975,4
13976,4
13977,4
13978,4
13979,5
13980,4
13981,4
13982,4
13983,4
13984,4
13985,4
13986,5
13987,5
13988,5
13989,4
13990,5
13991,3
13992,4
13993,5
13994,5
13995,5
13996,5
13997,4
13998,5
13999,5
14000,1
14001,5
14002,5
14003,5
14004,4
14005,4
14006,5
14007,5
14008,5
14009,2
14010,4
14011,4
14012,5
14013,5
14014,4
14015,5
14016,5
14017,4
14018,1
14019,3
14020,4
14021,5
14022,5
14023,5
14024,5
14025,4
14026,4
14027,4
14028,5
14029,5
14030,5
14031,3
14032,5
14033,4
14034,5
14035,4
14036,4
14037,3
14038,4
14039,5
14040,4
14041,5
14042,5
14043,4
14044,4
14045,5
14046,3
14047,5
14048,4
14049,4
14050,5
14051,1
14052,4
14053,5
14054,4
14055,5
14056,5
14057,5
14058,4
14059,4
14060,4
14061,5
14062,5
14063,4
14064,1
14065,5
14066,5
14067,1
14068,4
14069,4
14070,5
14071,3
14072,4
14073,5
14074,5
14075,4
14076,5
14077,4
14078,4
14079,5
14080,5
14081,5
14082,5
14083,4
14084,5
14085,4
14086,4
14087,4
14088,4
14089,4
14090,5
14091,4
14092,4
14093,5
14094,5
14095,4
14096,4
14097,4
14098,5
14099,5
14100,5
14101,4
14102,5
14103,4
14104,5
14105,5
14106,5
14107,4
14108,4
14109,3
14110,2
14111,5
14112,3
14113,5
14114,5
14115,5
14116,4
14117,5
14118,5
14119,5
14120,3
14121,5
14122,4
14123,5
14124,5
14125,5
14126,4
14127,3
14128,5
14129,4
14130,5
14131,4
14132,3
14133,5
14134,5
14135,5
14136,4
14137,5
14138,5
14139,5
14140,5
14141,5
14142,1
14143,5
14144,4
14145,3
14146,5
14147,4
14148,4
14149,5
14150,5
14151,4
14152,4
14153,5
14154,5
14155,4
14156,5
14157,5
14158,4
14159,5
14160,5
14161,4
14162,5
14163,5
14164,4
14165,4
14166,3
14167,5
14168,4
14169,5
14170,5
14171,2
14172,5
14173,4
14174,5
14175,4
14176,4
14177,5
14178,5
14179,5
14180,3
14181,4
14182,5
14183,5
14184,5
14185,3
14186,5
14187,5
14188,5
14189,4
14190,5
14191,2
14192,4
14193,3
14194,5
14195,5
14196,4
14197,3
14198,5
14199,5
14200,5
14201,4
14202,4
14203,5
14204,5
14205,5
14206,5
14207,4
14208,5
14209,5
14210,4
14211,5
14212,4
14213,5
14214,5
14215,5
14216,5
14217,5
14218,5
14219,3
14220,5
14221,4
14222,4
14223,5
14224,4
14225,5
14226,3
14227,5
14228,4
14229,5
14230,5
14231,5
14232,4
14233,5
14234,5
14235,5
14236,5
14237,4
14238,4
14239,5
14240,4
14241,5
14242,4
14243,3
14244,4
14245,5
14246,5
14247,4
14248,4
14249,5
14250,5
14251,5
14252,5
14253,5
14254,5
14255,5
14256,5
14257,3
14258,4
14259,5
14260,5
14261,5
14262,3
14263,5
14264,5
14265,4
14266,4
14267,1
14268,2
14269,5
14270,5
14271,5
14272,4
14273,5
14274,4
14275,4
14276,4
14277,4
14278,3
14279,3
14280,5
14281,5
14282,4
14283,5
14284,3
14285,3
14286,5
14287,5
14288,5
14289,5
14290,3
14291,5
14292,4
14293,4
14294,5
14295,5
14296,5
14297,5
14298,5
14299,5
14300,3
14301,5
14302,5
14303,3
14304,5
14305,4
14306,5
14307,4
14308,5
14309,5
14310,5
14311,4
14312,5
14313,5
14314,5
14315,5
14316,5
14317,5
14318,5
14319,5
14320,4
14321,5
14322,5
14323,5
14324,5
14325,5
14326,5
14327,4
14328,4
14329,4
14330,4
14331,4
14332,5
14333,4
14334,5
14335,5
14336,5
14337,2
14338,5
14339,5
14340,5
14341,4
14342,5
14343,4
14344,4
14345,5
14346,5
14347,5
14348,5
14349,1
14350,4
14351,4
14352,4
14353,5
14354,5
14355,5
14356,5
14357,5
14358,5
14359,4
14360,5
14361,5
14362,5
14363,4
14364,5
14365,5
14366,5
14367,5
14368,5
14369,4
14370,2
14371,5
14372,3
14373,4
14374,4
14375,5
14376,4
14377,5
14378,4
14379,3
14380,5
14381,5
14382,5
14383,4
14384,5
14385,5
14386,1
14387,5
14388,5
14389,4
14390,3
14391,5
14392,5
14393,5
14394,4
14395,5
14396,4
14397,3
14398,5
14399,5
14400,5
14401,5
14402,5
14403,5
14404,5
14405,5
14406,5
14407,5
14408,4
14409,5
14410,5
14411,5
14412,5
14413,5
14414,3
14415,5
14416,3
14417,5
14418,5
14419,4
14420,5
14421,5
14422,5
14423,5
14424,5
14425,5
14426,5
14427,4
14428,3
14429,3
14430,5
14431,5
14432,4
14433,5
14434,5
14435,5
14436,5
14437,5
14438,5
14439,5
14440,3
14441,5
14442,4
14443,5
14444,5
14445,4
14446,4
14447,4
14448,4
14449,5
14450,3
14451,5
14452,5
14453,3
14454,1
14455,4
14456,5
14457,4
14458,4
14459,3
14460,4
14461,5
14462,4
14463,5
14464,4
14465,5
14466,5
14467,5
14468,3
14469,1
14470,5
14471,4
14472,4
14473,5
14474,5
14475,5
14476,5
14477,5
14478,4
14479,5
14480,4
14481,4
14482,5
14483,5
14484,4
14485,5
14486,5
14487,4
14488,5
14489,5
14490,5
14491,5
14492,4
14493,5
14494,5
14495,4
14496,4
14497,4
14498,5
14499,5
14500,4
14501,4
14502,5
14503,3
14504,4
14505,5
14506,4
14507,5
14508,1
14509,5
14510,4
14511,2
14512,5
14513,5
14514,5
14515,4
14516,4
14517,5
14518,5
14519,5
14520,5
14521,1
14522,4
14523,4
14524,4
14525,4
14526,5
14527,4
14528,5
14529,5
14530,5
14531,1
14532,5
14533,4
14534,4
14535,5
14536,5
14537,5
14538,5
14539,4
14540,5
14541,4
14542,4
14543,4
14544,4
14545,4
14546,5
14547,4
14548,3
14549,5
14550,4
14551,4
14552,5
14553,5
14554,5
14555,5
14556,5
14557,3
14558,5
14559,5
14560,2
14561,5
14562,4
14563,4
14564,5
14565,4
14566,4
14567,5
14568,5
14569,4
14570,5
14571,5
14572,5
14573,4
14574,5
14575,5
14576,5
14577,5
14578,5
14579,4
14580,5
14581,5
14582,3
14583,5
14584,1
14585,5
14586,3
14587,5
14588,5
14589,1
14590,5
14591,1
14592,5
14593,5
14594,3
14595,4
14596,5
14597,4
14598,5
14599,5
14600,4
14601,5
14602,5
14603,4
14604,5
14605,5
14606,4
14607,5
14608,5
14609,5
14610,3
14611,5
14612,5
14613,3
14614,4
14615,3
14616,5
14617,5
14618,5
14619,4
14620,5
14621,4
14622,5
14623,5
14624,5
14625,4
14626,5
14627,5
14628,5
14629,5
14630,4
14631,5
14632,5
14633,4
14634,3
14635,5
14636,5
14637,4
14638,4
14639,5
14640,4
14641,5
14642,5
14643,1
14644,4
14645,4
14646,4
14647,5
14648,5
14649,5
14650,5
14651,5
14652,5
14653,4
14654,1
14655,5
14656,5
14657,4
14658,4
14659,5
14660,5
14661,5
14662,4
14663,4
14664,5
14665,4
14666,3
14667,5
14668,4
14669,4
14670,4
14671,5
14672,5
14673,5
14674,5
14675,1
14676,4
14677,1
14678,5
14679,5
14680,1
14681,1
14682,2
14683,3
14684,5
14685,4
14686,4
14687,4
14688,5
14689,5
14690,5
14691,4
14692,5
14693,5
14694,5
14695,5
14696,5
14697,3
14698,4
14699,4
14700,5
14701,5
14702,4
14703,1
14704,4
14705,5
14706,5
14707,5
14708,5
14709,5
14710,5
14711,4
14712,3
14713,5
14714,4
14715,4
14716,5
14717,5
14718,4
14719,4
14720,5
14721,5
14722,5
14723,4
14724,4
14725,4
14726,5
14727,5
14728,5
14729,5
14730,3
14731,4
14732,2
14733,4
14734,5
14735,5
14736,4
14737,4
14738,4
14739,4
14740,5
14741,5
14742,5
14743,3
14744,4
14745,4
14746,4
14747,5
14748,5
14749,1
14750,5
14751,4
14752,4
14753,5
14754,5
14755,4
14756,3
14757,5
14758,4
14759,4
14760,5
14761,5
14762,5
14763,5
14764,5
14765,5
14766,5
14767,1
14768,4
14769,5
14770,4
14771,4
14772,4
14773,5
14774,3
14775,4
14776,4
14777,5
14778,5
14779,4
14780,5
14781,5
14782,5
14783,5
14784,5
14785,4
14786,3
14787,5
14788,3
14789,4
14790,4
14791,4
14792,1
14793,4
14794,4
14795,4
14796,1
14797,4
14798,5
14799,4
14800,5
14801,5
14802,5
14803,5
14804,5
14805,3
14806,5
14807,4
14808,4
14809,4
14810,5
14811,4
14812,4
14813,4
14814,5
14815,5
14816,4
14817,3
14818,5
14819,5
14820,5
14821,4
14822,5
14823,5
14824,5
14825,5
14826,4
14827,4
14828,4
14829,4
14830,3
14831,4
14832,4
14833,5
14834,5
14835,4
14836,5
14837,4
14838,5
14839,4
14840,1
14841,5
14842,5
14843,5
14844,5
14845,5
14846,5
14847,5
14848,5
14849,5
14850,4
14851,3
14852,5
14853,4
14854,5
14855,5
14856,5
14857,5
14858,5
14859,4
14860,5
14861,5
14862,5
14863,4
14864,5
14865,4
14866,5
14867,4
14868,5
14869,4
14870,3
14871,5
14872,5
14873,5
14874,4
14875,4
14876,5
14877,4
14878,1
14879,4
14880,5
14881,5
14882,5
14883,5
14884,5
14885,4
14886,4
14887,4
14888,3
14889,5
14890,4
14891,5
14892,4
14893,5
14894,5
14895,4
14896,5
14897,5
14898,5
14899,5
14900,5
14901,3
14902,5
14903,5
14904,5
14905,5
14906,5
14907,5
14908,5
14909,4
14910,4
14911,5
14912,5
14913,5
14914,4
14915,4
14916,4
14917,5
14918,3
14919,2
14920,5
14921,4
14922,5
14923,4
14924,4
14925,5
14926,4
14927,4
14928,5
14929,5
14930,5
14931,5
14932,5
14933,3
14934,4
14935,5
14936,5
14937,5
14938,5
14939,5
14940,5
14941,5
14942,4
14943,5
14944,5
14945,5
14946,5
14947,5
14948,5
14949,5
14950,5
14951,4
14952,3
14953,4
14954,5
14955,3
14956,5
14957,1
14958,2
14959,4
14960,5
14961,5
14962,5
14963,5
14964,1
14965,5
14966,5
14967,5
14968,3
14969,4
14970,4
14971,4
14972,5
14973,4
14974,4
14975,5
14976,5
14977,5
14978,5
14979,5
14980,5
14981,5
14982,5
14983,5
14984,5
14985,5
14986,4
14987,5
14988,3
14989,5
14990,5
14991,5
14992,5
14993,5
14994,5
14995,4
14996,4
14997,4
14998,5
14999,5
15000,4
15001,4
15002,5
15003,4
15004,5
15005,5
15006,4
15007,4
15008,5
15009,5
15010,4
15011,1
15012,4
15013,3
15014,5
15015,3
15016,3
15017,5
15018,5
15019,5
15020,5
15021,4
15022,5
15023,5
15024,5
15025,3
15026,5
15027,5
15028,4
15029,4
15030,1
15031,5
15032,5
15033,4
15034,5
15035,4
15036,5
15037,5
15038,5
15039,4
15040,5
15041,3
15042,5
15043,5
15044,5
15045,5
15046,5
15047,4
15048,4
15049,4
15050,5
15051,3
15052,2
15053,5
15054,4
15055,4
15056,4
15057,5
15058,4
15059,5
15060,5
15061,5
15062,5
15063,5
15064,4
15065,5
15066,4
15067,5
15068,5
15069,5
15070,5
15071,5
15072,3
15073,5
15074,5
15075,4
15076,4
15077,5
15078,5
15079,4
15080,3
15081,4
15082,4
15083,5
15084,4
15085,5
15086,5
15087,5
15088,5
15089,5
15090,5
15091,5
15092,3
15093,5
15094,4
15095,5
15096,5
15097,5
15098,5
15099,3
15100,4
15101,5
15102,5
15103,4
15104,3
15105,5
15106,4
15107,4
15108,3
15109,4
15110,5
15111,3
15112,4
15113,4
15114,5
15115,4
15116,4
15117,5
15118,5
15119,5
15120,5
15121,4
15122,4
15123,5
15124,5
15125,5
15126,5
15127,5
15128,3
15129,5
15130,4
15131,5
15132,5
15133,3
15134,3
15135,5
15136,4
15137,5
15138,5
15139,5
15140,4
15141,5
15142,5
15143,4
15144,5
15145,4
15146,5
15147,1
15148,5
15149,5
15150,4
15151,5
15152,3
15153,4
15154,5
15155,3
15156,5
15157,1
15158,5
15159,4
15160,5
15161,4
15162,5
15163,4
15164,4
15165,4
15166,5
15167,5
15168,4
15169,5
15170,3
15171,5
15172,5
15173,4
15174,5
15175,5
15176,5
15177,2
15178,5
15179,4
15180,5
15181,1
15182,4
15183,4
15184,4
15185,5
15186,4
15187,5
15188,4
15189,3
15190,1
15191,4
15192,5
15193,4
15194,4
15195,5
15196,5
15197,1
15198,4
15199,5
15200,4
15201,5
15202,5
15203,5
15204,5
15205,4
15206,3
15207,4
15208,5
15209,5
15210,5
15211,4
15212,5
15213,5
15214,5
15215,4
15216,3
15217,5
15218,3
15219,5
15220,4
15221,4
15222,5
15223,4
15224,4
15225,5
15226,5
15227,4
15228,4
15229,4
15230,3
15231,5
15232,4
15233,4
15234,3
15235,4
15236,5
15237,5
15238,5
15239,5
15240,5
15241,5
15242,5
15243,4
15244,4
15245,5
15246,4
15247,4
15248,4
15249,4
15250,5
15251,3
15252,3
15253,4
15254,5
15255,5
15256,5
15257,5
15258,4
15259,5
15260,3
15261,4
15262,4
15263,4
15264,2
15265,5
15266,4
15267,5
15268,4
15269,4
15270,4
15271,4
15272,3
15273,5
15274,4
15275,5
15276,5
15277,5
15278,5
15279,1
15280,2
15281,4
15282,5
15283,4
15284,5
15285,5
15286,4
15287,5
15288,5
15289,4
15290,5
15291,4
15292,5
15293,5
15294,5
15295,5
15296,5
15297,4
15298,4
15299,5
15300,4
15301,5
15302,4
15303,5
15304,5
15305,4
15306,5
15307,5
15308,4
15309,5
15310,5
15311,5
15312,4
15313,3
15314,5
15315,4
15316,4
15317,5
15318,4
15319,4
15320,4
15321,4
15322,5
15323,5
15324,5
15325,3
15326,4
15327,5
15328,5
15329,5
15330,5
15331,5
15332,5
15333,4
15334,5
15335,5
15336,4
15337,5
15338,5
15339,5
15340,4
15341,3
15342,5
15343,4
15344,5
15345,5
15346,5
15347,4
15348,5
15349,4
15350,5
15351,5
15352,5
15353,5
15354,4
15355,5
15356,5
15357,5
15358,5
15359,5
15360,3
15361,4
15362,4
15363,5
15364,4
15365,4
15366,4
15367,5
15368,5
15369,5
15370,5
15371,4
15372,3
15373,5
15374,4
15375,4
15376,4
15377,4
15378,5
15379,5
15380,5
15381,5
15382,4
15383,5
15384,5
15385,1
15386,5
15387,5
15388,4
15389,1
15390,4
15391,5
15392,5
15393,4
15394,5
15395,3
15396,4
15397,3
15398,4
15399,4
15400,4
15401,3
15402,5
15403,5
15404,5
15405,5
15406,4
15407,5
15408,5
15409,4
15410,5
15411,4
15412,5
15413,5
15414,5
15415,5
15416,4
15417,4
15418,5
15419,4
15420,3
15421,5
15422,5
15423,4
15424,5
15425,5
15426,5
15427,5
15428,5
15429,4
15430,5
15431,5
15432,3
15433,5
15434,5
15435,5
15436,4
15437,5
15438,5
15439,4
15440,5
15441,4
15442,4
15443,5
15444,4
15445,4
15446,4
15447,5
15448,3
15449,1
15450,4
15451,1
15452,4
15453,5
15454,4
15455,5
15456,5
15457,1
15458,4
15459,5
15460,5
15461,5
15462,5
15463,2
15464,4
15465,5
15466,5
15467,2
15468,3
15469,5
15470,4
15471,5
15472,5
15473,5
15474,5
15475,5
15476,4
15477,5
15478,4
15479,5
15480,5
15481,4
15482,5
15483,5
15484,4
15485,4
15486,4
15487,5
15488,5
15489,4
15490,5
15491,5
15492,4
15493,5
15494,4
15495,4
15496,5
15497,5
15498,5
15499,5
15500,5
15501,5
15502,5
15503,4
15504,5
15505,5
15506,5
15507,5
15508,5
15509,5
15510,5
15511,4
15512,4
15513,5
15514,5
15515,4
15516,5
15517,3
15518,4
15519,4
15520,5
15521,5
15522,4
15523,3
15524,4
15525,4
15526,5
15527,4
15528,4
15529,5
15530,5
15531,4
15532,5
15533,3
15534,3
15535,4
15536,4
15537,4
15538,5
15539,4
15540,5
15541,5
15542,4
15543,5
15544,5
15545,5
15546,5
15547,5
15548,3
15549,5
15550,4
15551,5
15552,4
15553,4
15554,4
15555,4
15556,5
15557,5
15558,5
15559,4
15560,5
15561,4
15562,5
15563,4
15564,4
15565,4
15566,5
15567,4
15568,5
15569,5
15570,4
15571,4
15572,5
15573,5
15574,5
15575,5
15576,5
15577,5
15578,4
15579,5
15580,5
15581,5
15582,5
15583,3
15584,4
15585,5
15586,3
15587,4
15588,5
15589,4
15590,4
15591,5
15592,3
15593,3
15594,4
15595,5
15596,5
15597,4
15598,5
15599,4
15600,3
15601,5
15602,4
15603,5
15604,3
15605,5
15606,4
15607,4
15608,4
15609,5
15610,5
15611,5
15612,4
15613,4
15614,4
15615,5
15616,4
15617,5
15618,5
15619,4
15620,5
15621,5
15622,5
15623,5
15624,4
15625,5
15626,5
15627,5
15628,3
15629,3
15630,4
15631,5
15632,5
15633,3
15634,5
15635,4
15636,2
15637,5
15638,5
15639,5
15640,5
15641,4
15642,4
15643,4
15644,4
15645,4
15646,3
15647,4
15648,4
15649,5
15650,5
15651,4
15652,5
15653,4
15654,3
15655,5
15656,5
15657,5
15658,4
15659,4
15660,4
15661,5
15662,4
15663,5
15664,5
15665,4
15666,4
15667,4
15668,5
15669,5
15670,5
15671,5
15672,5
15673,4
15674,4
15675,5
15676,4
15677,5
15678,4
15679,5
15680,2
15681,4
15682,4
15683,4
15684,5
15685,5
15686,4
15687,5
15688,4
15689,4
15690,3
15691,5
15692,4
15693,4
15694,5
15695,5
15696,4
15697,4
15698,5
15699,4
15700,3
15701,3
15702,4
15703,4
15704,3
15705,5
15706,4
15707,3
15708,4
15709,4
15710,5
15711,1
15712,5
15713,5
15714,4
15715,5
15716,5
15717,5
15718,4
15719,5
15720,3
15721,4
15722,5
15723,3
15724,3
15725,5
15726,4
15727,3
15728,5
15729,4
15730,3
15731,4
15732,5
15733,5
15734,4
15735,4
15736,5
15737,4
15738,5
15739,5
15740,5
15741,5
15742,4
15743,1
15744,5
15745,5
15746,5
15747,5
15748,4
15749,5
15750,4
15751,5
15752,5
15753,4
15754,4
15755,5
15756,4
15757,5
15758,4
15759,5
15760,5
15761,5
15762,4
15763,4
15764,4
15765,5
15766,3
15767,3
15768,5
15769,4
15770,5
15771,5
15772,5
15773,5
15774,5
15775,3
15776,5
15777,4
15778,5
15779,5
15780,4
15781,1
15782,5
15783,5
15784,5
15785,4
15786,5
15787,3
15788,5
15789,5
15790,4
15791,4
15792,4
15793,4
15794,4
15795,4
15796,3
15797,3
15798,5
15799,5
15800,5
15801,5
15802,5
15803,5
15804,4
15805,4
15806,4
15807,5
15808,5
15809,3
15810,4
15811,4
15812,5
15813,5
15814,4
15815,4
15816,5
15817,3
15818,5
15819,3
15820,4
15821,5
15822,5
15823,3
15824,2
15825,5
15826,5
15827,1
15828,4
15829,4
15830,5
15831,4
15832,5
15833,4
15834,4
15835,4
15836,5
15837,5
15838,5
15839,4
15840,5
15841,5
15842,5
15843,5
15844,5
15845,5
15846,5
15847,5
15848,4
15849,4
15850,5
15851,4
15852,5
15853,5
15854,5
15855,4
15856,5
15857,3
15858,5
15859,5
15860,4
15861,5
15862,5
15863,5
15864,5
15865,4
15866,5
15867,4
15868,5
15869,5
15870,5
15871,4
15872,4
15873,1
15874,4
15875,4
15876,5
15877,5
15878,5
15879,4
15880,4
15881,3
15882,5
15883,5
15884,5
15885,4
15886,4
15887,5
15888,5
15889,4
15890,5
15891,5
15892,5
15893,5
15894,3
15895,4
15896,4
15897,5
15898,5
15899,4
15900,1
15901,4
15902,4
15903,2
15904,5
15905,5
15906,5
15907,5
15908,3
15909,5
15910,4
15911,5
15912,4
15913,4
15914,4
15915,5
15916,3
15917,5
15918,3
15919,5
15920,5
15921,4
15922,5
15923,5
15924,5
15925,5
15926,5
15927,5
15928,3
15929,4
15930,5
15931,4
15932,4
15933,5
15934,5
15935,5
15936,5
15937,5
15938,5
15939,4
15940,1
15941,5
15942,5
15943,5
15944,4
15945,5
15946,5
15947,5
15948,5
15949,5
15950,5
15951,5
15952,5
15953,5
15954,5
15955,4
15956,5
15957,5
15958,4
15959,5
15960,5
15961,4
15962,5
15963,4
15964,4
15965,5
15966,4
15967,5
15968,5
15969,4
15970,3
15971,5
15972,5
15973,4
15974,5
15975,4
15976,4
15977,4
15978,2
15979,5
15980,4
15981,5
15982,5
15983,5
15984,5
15985,5
15986,5
15987,5
15988,4
15989,5
15990,4
15991,5
15992,3
15993,5
15994,4
15995,5
15996,4
15997,4
15998,4
15999,5
16000,5
16001,5
16002,5
16003,5
16004,5
16005,5
16006,5
16007,5
16008,5
16009,5
16010,4
16011,4
16012,5
16013,5
16014,5
16015,5
16016,5
16017,5
16018,5
16019,5
16020,5
16021,5
16022,5
16023,5
16024,5
16025,5
16026,5
16027,5
16028,5
16029,5
16030,5
16031,5
16032,5
16033,5
16034,5
16035,5
16036,5
16037,5
16038,4
16039,5
16040,5
16041,5
16042,5
16043,5
16044,5
16045,5
16046,5
16047,5
16048,5
16049,5
16050,5
16051,5
16052,5
16053,5
16054,5
16055,5
16056,5
16057,5
16058,5
16059,5
16060,5
16061,5
16062,5
16063,5
16064,5
16065,5
16066,5
16067,5
16068,5
16069,4
16070,3
16071,5
16072,5
16073,4
16074,5
16075,5
16076,5
16077,5
16078,5
16079,5
16080,5
16081,5
16082,4
16083,5
16084,5
16085,5
16086,5
16087,5
16088,4
16089,5
16090,5
16091,5
16092,5
16093,5
16094,4
16095,5
16096,5
16097,5
16098,5
16099,5
16100,5
16101,5
16102,5
16103,3
16104,5
16105,5
16106,5
16107,5
16108,5
16109,5
16110,5
16111,5
16112,5
16113,5
16114,5
16115,5
16116,5
16117,5
16118,5
16119,5
16120,5
16121,5
16122,5
16123,5
16124,5
16125,5
16126,5
16127,5
16128,4
16129,5
16130,1
16131,5
16132,5
16133,5
16134,5
16135,5
16136,5
16137,5
16138,4
16139,5
16140,5
16141,5
16142,4
16143,5
16144,4
16145,5
16146,5
16147,5
16148,1
16149,5
16150,5
16151,5
16152,5
16153,5
16154,5
16155,5
16156,5
16157,5
16158,5
16159,5
16160,5
16161,5
16162,5
16163,5
16164,5
16165,5
16166,5
16167,4
16168,5
16169,5
16170,5
16171,5
16172,5
16173,3
16174,5
16175,5
16176,5
16177,5
16178,5
16179,5
16180,5
16181,1
16182,5
16183,5
16184,5
16185,4
16186,5
16187,5
16188,5
16189,5
16190,5
16191,5
16192,5
16193,1
16194,5
16195,5
16196,5
16197,5
16198,5
16199,5
16200,5
16201,5
16202,5
16203,5
16204,4
16205,5
16206,5
16207,5
16208,5
16209,5
16210,5
16211,5
16212,5
16213,5
16214,5
16215,5
16216,5
16217,5
16218,5
16219,5
16220,5
16221,4
16222,5
16223,5
16224,5
16225,5
16226,5
16227,5
16228,5
16229,5
16230,5
16231,5
16232,5
16233,5
16234,5
16235,5
16236,5
16237,5
16238,5
16239,5
16240,5
16241,5
16242,5
16243,5
16244,5
16245,5
16246,5
16247,5
16248,5
16249,4
16250,5
16251,5
16252,5
16253,5
16254,5
16255,5
16256,5
16257,4
16258,5
16259,5
16260,5
16261,5
16262,5
16263,5
16264,5
16265,5
16266,5
16267,5
16268,5
16269,5
16270,5
16271,5
16272,5
16273,5
16274,5
16275,5
16276,5
16277,5
16278,5
16279,5
16280,5
16281,5
16282,5
16283,5
16284,5
16285,5
16286,5
16287,5
16288,5
16289,5
16290,5
16291,5
16292,5
16293,5
16294,5
16295,5
16296,5
16297,5
16298,5
16299,5
16300,5
16301,5
16302,5
16303,5
16304,5
16305,5
16306,5
16307,5
16308,5
16309,5
16310,5
16311,5
16312,5
16313,5
16314,5
16315,5
16316,5
16317,5
16318,4
16319,5
16320,5
16321,5
16322,5
16323,5
16324,5
16325,5
16326,5
16327,5
16328,5
16329,5
16330,5
16331,5
16332,5
16333,5
16334,5
16335,5
16336,5
16337,5
16338,5
16339,5
16340,5
16341,5
16342,5
16343,5
16344,4
16345,5
16346,5
16347,4
16348,5
16349,5
16350,5
16351,5
16352,5
16353,5
16354,5
16355,5
16356,5
16357,5
16358,5
16359,5
16360,5
16361,5
16362,5
16363,5
16364,5
16365,5
16366,5
16367,5
16368,5
16369,4
16370,5
16371,5
16372,4
16373,5
16374,5
16375,4
16376,4
16377,5
16378,5
16379,5
16380,5
16381,5
16382,5
16383,5
16384,5
16385,5
16386,5
16387,5
16388,5
16389,5
16390,5
16391,4
16392,5
16393,5
16394,5
16395,5
16396,4
16397,5
16398,5
16399,3
16400,5
16401,5
16402,5
16403,5
16404,5
16405,5
16406,5
16407,5
16408,5
16409,5
16410,5
16411,5
16412,5
16413,5
16414,5
16415,5
16416,5
16417,5
16418,5
16419,5
16420,5
16421,5
16422,5
16423,5
16424,5
16425,5
16426,5
16427,5
16428,5
16429,5
16430,5
16431,1
16432,5
16433,5
16434,5
16435,5
16436,5
16437,5
16438,5
16439,4
16440,4
16441,5
16442,5
16443,5
16444,5
16445,5
16446,5
16447,5
16448,5
16449,5
16450,5
16451,5
16452,5
16453,5
16454,5
16455,5
16456,5
16457,5
16458,5
16459,5
16460,5
16461,5
16462,5
16463,1
16464,5
16465,5
16466,5
16467,4
16468,5
16469,5
16470,5
16471,5
16472,5
16473,5
16474,5
16475,5
16476,5
16477,4
16478,5
16479,5
16480,5
16481,5
16482,5
16483,4
16484,5
16485,5
16486,5
16487,5
16488,4
16489,5
16490,5
16491,3
16492,5
16493,5
16494,5
16495,5
16496,5
16497,5
16498,5
16499,5
16500,5
16501,5
16502,5
16503,4
16504,5
16505,2
16506,5
16507,5
16508,5
16509,5
16510,5
16511,5
16512,5
16513,5
16514,3
16515,5
16516,5
16517,5
16518,5
16519,5
16520,5
16521,5
16522,5
16523,5
16524,5
16525,5
16526,5
16527,5
16528,5
16529,5
16530,5
16531,5
16532,5
16533,5
16534,5
16535,5
16536,5
16537,5
16538,5
16539,5
16540,5
16541,4
16542,5
16543,5
16544,5
16545,5
16546,5
16547,5
16548,5
16549,4
16550,5
16551,5
16552,5
16553,5
16554,2
16555,5
16556,5
16557,5
16558,5
16559,5
16560,5
16561,5
16562,5
16563,5
16564,5
16565,5
16566,5
16567,5
16568,5
16569,5
16570,5
16571,5
16572,5
16573,5
16574,5
16575,5
16576,5
16577,5
16578,5
16579,5
16580,5
16581,5
16582,5
16583,5
16584,5
16585,5
16586,5
16587,5
16588,5
16589,5
16590,5
16591,5
16592,5
16593,5
16594,5
16595,5
16596,5
16597,5
16598,4
16599,5
16600,5
16601,5
16602,5
16603,5
16604,5
16605,5
16606,5
16607,5
16608,5
16609,5
16610,4
16611,5
16612,5
16613,5
16614,5
16615,5
16616,4
16617,5
16618,5
16619,1
16620,5
16621,5
16622,5
16623,4
16624,5
16625,5
16626,4
16627,5
16628,5
16629,5
16630,5
16631,5
16632,5
16633,5
16634,5
16635,5
16636,5
16637,5
16638,5
16639,5
16640,5
16641,1
16642,5
16643,5
16644,5
16645,5
16646,5
16647,5
16648,5
16649,5
16650,5
16651,5
16652,5
16653,5
16654,5
16655,5
16656,5
16657,5
16658,5
16659,5
16660,4
16661,5
16662,5
16663,5
16664,5
16665,5
16666,5
16667,5
16668,5
16669,5
16670,5
16671,5
16672,5
16673,5
16674,5
16675,5
16676,5
16677,5
16678,5
16679,4
16680,5
16681,4
16682,5
16683,5
16684,5
16685,5
16686,5
16687,5
16688,5
16689,5
16690,5
16691,2
16692,5
16693,5
16694,5
16695,5
16696,4
16697,5
16698,5
16699,5
16700,5
16701,5
16702,5
16703,5
16704,5
16705,5
16706,5
16707,4
16708,5
16709,5
16710,4
16711,5
16712,4
16713,5
16714,4
16715,5
16716,5
16717,5
16718,5
16719,5
16720,5
16721,5
16722,5
16723,5
16724,5
16725,5
16726,5
16727,5
16728,5
16729,5
16730,5
16731,1
16732,5
16733,5
16734,5
16735,5
16736,4
16737,5
16738,5
16739,5
16740,5
16741,5
16742,5
16743,5
16744,5
16745,5
16746,5
16747,5
16748,5
16749,5
16750,5
16751,3
16752,5
16753,5
16754,5
16755,5
16756,5
16757,5
16758,5
16759,5
16760,5
16761,3
16762,5
16763,5
16764,5
16765,5
16766,5
16767,5
16768,5
16769,5
16770,1
16771,5
16772,5
16773,5
16774,5
16775,5
16776,5
16777,5
16778,5
16779,5
16780,5
16781,5
16782,5
16783,3
16784,5
16785,5
16786,3
16787,5
16788,5
16789,5
16790,5
16791,5
16792,5
16793,5
16794,5
16795,5
16796,5
16797,5
16798,5
16799,5
16800,5
16801,5
16802,5
16803,5
16804,5
16805,5
16806,5
16807,5
16808,5
16809,5
16810,5
16811,5
16812,5
16813,5
16814,5
16815,5
16816,5
16817,5
16818,5
16819,5
16820,5
16821,5
16822,5
16823,5
16824,5
16825,5
16826,5
16827,5
16828,5
16829,5
16830,5
16831,4
16832,4
16833,5
16834,5
16835,5
16836,5
16837,5
16838,5
16839,4
16840,5
16841,5
16842,5
16843,5
16844,5
16845,5
16846,5
16847,5
16848,5
16849,5
16850,5
16851,5
16852,5
16853,5
16854,5
16855,5
16856,4
16857,5
16858,5
16859,5
16860,5
16861,5
16862,5
16863,5
16864,5
16865,5
16866,5
16867,4
16868,1
16869,4
16870,5
16871,5
16872,5
16873,5
16874,5
16875,5
16876,5
16877,5
16878,5
16879,5
16880,5
16881,5
16882,5
16883,5
16884,5
16885,5
16886,5
16887,5
16888,5
16889,5
16890,4
16891,5
16892,5
16893,3
16894,5
16895,5
16896,5
16897,4
16898,5
16899,5
16900,5
16901,5
16902,5
16903,5
16904,5
16905,5
16906,5
16907,5
16908,5
16909,5
16910,5
16911,5
16912,5
16913,5
16914,5
16915,5
16916,5
16917,5
16918,5
16919,5
16920,5
16921,5
16922,5
16923,1
16924,5
16925,5
16926,5
16927,5
16928,5
16929,5
16930,5
16931,5
16932,5
16933,5
16934,5
16935,5
16936,5
16937,5
16938,5
16939,5
16940,5
16941,5
16942,5
16943,5
16944,5
16945,5
16946,5
16947,5
16948,5
16949,5
16950,5
16951,5
16952,5
16953,5
16954,5
16955,5
16956,5
16957,5
16958,5
16959,5
16960,5
16961,5
16962,5
16963,5
16964,5
16965,5
16966,5
16967,5
16968,5
16969,5
16970,4
16971,5
16972,5
16973,5
16974,5
16975,5
16976,5
16977,5
16978,5
16979,5
16980,5
16981,5
16982,5
16983,5
16984,3
16985,5
16986,5
16987,5
16988,5
16989,5
16990,5
16991,5
16992,4
16993,5
16994,5
16995,5
16996,5
16997,5
16998,5
16999,5
17000,5
17001,5
17002,5
17003,5
17004,5
17005,5
17006,5
17007,5
17008,5
17009,5
17010,5
17011,5
17012,5
17013,5
17014,5
17015,5
17016,5
17017,5
17018,5
17019,4
17020,5
17021,5
17022,5
17023,5
17024,5
17025,5
17026,5
17027,5
17028,5
17029,5
17030,5
17031,5
17032,5
17033,5
17034,5
17035,5
17036,5
17037,5
17038,4
17039,5
17040,5
17041,5
17042,5
17043,5
17044,5
17045,5
17046,5
17047,5
17048,5
17049,5
17050,5
17051,5
17052,5
17053,5
17054,5
17055,5
17056,1
17057,5
17058,5
17059,5
17060,5
17061,5
17062,5
17063,3
17064,4
17065,5
17066,5
17067,5
17068,5
17069,4
17070,5
17071,5
17072,5
17073,5
17074,5
17075,5
17076,5
17077,4
17078,5
17079,5
17080,5
17081,5
17082,5
17083,5
17084,5
17085,5
17086,5
17087,5
17088,4
17089,5
17090,5
17091,4
17092,5
17093,5
17094,3
17095,5
17096,4
17097,5
17098,5
17099,5
17100,5
17101,5
17102,5
17103,5
17104,1
17105,5
17106,5
17107,5
17108,5
17109,5
17110,5
17111,5
17112,5
17113,5
17114,5
17115,5
17116,5
17117,5
17118,5
17119,5
17120,5
17121,5
17122,5
17123,5
17124,5
17125,4
17126,5
17127,5
17128,5
17129,5
17130,5
17131,5
17132,5
17133,5
17134,5
17135,5
17136,5
17137,5
17138,5
17139,5
17140,5
17141,5
17142,5
17143,5
17144,5
17145,5
17146,5
17147,4
17148,5
17149,5
17150,5
17151,5
17152,5
17153,5
17154,5
17155,5
17156,5
17157,5
17158,5
17159,5
17160,5
17161,5
17162,5
17163,4
17164,4
17165,5
17166,5
17167,5
17168,5
17169,5
17170,5
17171,3
17172,5
17173,5
17174,5
17175,1
17176,5
17177,5
17178,5
17179,5
17180,5
17181,5
17182,5
17183,5
17184,5
17185,4
17186,5
17187,5
17188,5
17189,5
17190,4
17191,3
17192,5
17193,5
17194,5
17195,5
17196,5
17197,4
17198,5
17199,5
17200,5
17201,5
17202,5
17203,5
17204,5
17205,5
17206,5
17207,5
17208,5
17209,5
17210,5
17211,5
17212,5
17213,5
17214,5
17215,5
17216,5
17217,5
17218,5
17219,5
17220,5
17221,5
17222,5
17223,5
17224,5
17225,5
17226,5
17227,5
17228,5
17229,5
17230,5
17231,5
17232,5
17233,5
17234,5
17235,5
17236,4
17237,4
17238,5
17239,5
17240,5
17241,5
17242,5
17243,5
17244,5
17245,5
17246,5
17247,5
17248,5
17249,5
17250,5
17251,5
17252,5
17253,5
17254,5
17255,5
17256,5
17257,5
17258,5
17259,5
17260,5
17261,5
17262,5
17263,5
17264,5
17265,5
17266,5
17267,5
17268,5
17269,5
17270,5
17271,5
17272,5
17273,5
17274,4
17275,5
17276,5
17277,5
17278,5
17279,5
17280,4
17281,5
17282,5
17283,5
17284,5
17285,5
17286,5
17287,5
17288,5
17289,5
17290,5
17291,5
17292,5
17293,5
17294,5
17295,5
17296,5
17297,3
17298,5
17299,5
17300,5
17301,5
17302,5
17303,5
17304,5
17305,5
17306,5
17307,4
17308,5
17309,5
17310,5
17311,5
17312,5
17313,5
17314,5
17315,5
17316,5
17317,5
17318,5
17319,5
17320,5
17321,5
17322,5
17323,5
17324,5
17325,5
17326,5
17327,5
17328,5
17329,5
17330,5
17331,5
17332,5
17333,5
17334,5
17335,5
17336,1
17337,5
17338,5
17339,5
17340,5
17341,5
17342,5
17343,5
17344,5
17345,5
17346,5
17347,5
17348,5
17349,5
17350,5
17351,5
17352,5
17353,5
17354,5
17355,5
17356,5
17357,5
17358,5
17359,5
17360,5
17361,5
17362,5
17363,5
17364,5
17365,5
17366,5
17367,4
17368,5
17369,5
17370,5
17371,5
17372,5
17373,5
17374,5
17375,5
17376,5
17377,5
17378,5
17379,5
17380,5
17381,5
17382,5
17383,5
17384,5
17385,5
17386,5
17387,4
17388,5
17389,5
17390,5
17391,5
17392,5
17393,5
17394,5
17395,5
17396,5
17397,5
17398,5
17399,5
17400,5
17401,5
17402,5
17403,5
17404,5
17405,5
17406,5
17407,5
17408,5
17409,5
17410,5
17411,5
17412,5
17413,5
17414,5
17415,5
17416,5
17417,5
17418,5
17419,5
17420,5
17421,5
17422,5
17423,5
17424,5
17425,5
17426,5
17427,5
17428,5
17429,5
17430,5
17431,4
17432,5
17433,5
17434,5
17435,5
17436,5
17437,5
17438,5
17439,5
17440,5
17441,4
17442,5
17443,5
17444,5
17445,5
17446,5
17447,5
17448,5
17449,5
17450,5
17451,5
17452,5
17453,5
17454,5
17455,5
17456,5
17457,5
17458,5
17459,5
17460,5
17461,5
17462,5
17463,5
17464,5
17465,1
17466,4
17467,5
17468,5
17469,5
17470,5
17471,5
17472,5
17473,5
17474,5
17475,5
17476,4
17477,5
17478,5
17479,5
17480,5
17481,5
17482,5
17483,5
17484,5
17485,5
17486,5
17487,4
17488,4
17489,5
17490,5
17491,4
17492,5
17493,5
17494,5
17495,5
17496,5
17497,5
17498,5
17499,5
17500,5
17501,4
17502,5
17503,5
17504,5
17505,5
17506,5
17507,5
17508,5
17509,5
17510,5
17511,5
17512,5
17513,5
17514,5
17515,5
17516,5
17517,5
17518,5
17519,5
17520,5
17521,5
17522,5
17523,5
17524,5
17525,5
17526,5
17527,5
17528,5
17529,5
17530,5
17531,5
17532,5
17533,5
17534,5
17535,5
17536,5
17537,5
17538,5
17539,5
17540,5
17541,5
17542,5
17543,5
17544,5
17545,5
17546,5
17547,5
17548,5
17549,4
17550,5
17551,5
17552,5
17553,5
17554,5
17555,5
17556,5
17557,5
17558,4
17559,5
17560,5
17561,4
17562,5
17563,5
17564,5
17565,5
17566,5
17567,5
17568,5
17569,5
17570,5
17571,5
17572,5
17573,5
17574,5
17575,5
17576,5
17577,5
17578,5
17579,5
17580,5
17581,5
17582,5
17583,5
17584,5
17585,5
17586,5
17587,5
17588,5
17589,5
17590,5
17591,5
17592,5
17593,4
17594,5
17595,5
17596,5
17597,5
17598,5
17599,5
17600,5
17601,4
17602,5
17603,5
17604,5
17605,5
17606,4
17607,5
17608,5
17609,5
17610,5
17611,5
17612,4
17613,5
17614,5
17615,5
17616,5
17617,5
17618,5
17619,5
17620,5
17621,4
17622,5
17623,5
17624,5
17625,5
17626,5
17627,5
17628,5
17629,5
17630,5
17631,5
17632,5
17633,5
17634,5
17635,5
17636,5
17637,5
17638,5
17639,5
17640,5
17641,5
17642,5
17643,4
17644,5
17645,5
17646,5
17647,5
17648,5
17649,5
17650,5
17651,5
17652,5
17653,5
17654,5
17655,4
17656,5
17657,5
17658,5
17659,5
17660,5
17661,5
17662,5
17663,5
17664,5
17665,5
17666,5
17667,5
17668,5
17669,4
17670,5
17671,5
17672,5
17673,5
17674,5
17675,1
17676,5
17677,5
17678,5
17679,5
17680,5
17681,5
17682,3
17683,5
17684,5
17685,5
17686,5
17687,5
17688,4
17689,5
17690,5
17691,5
17692,5
17693,5
17694,5
17695,5
17696,5
17697,1
17698,5
17699,5
17700,5
17701,5
17702,5
17703,5
17704,5
17705,5
17706,5
17707,5
17708,5
17709,5
17710,5
17711,5
17712,5
17713,5
17714,5
17715,4
17716,5
17717,5
17718,5
17719,5
17720,5
17721,5
17722,5
17723,1
17724,5
17725,5
17726,5
17727,5
17728,4
17729,5
17730,5
17731,5
17732,5
17733,5
17734,4
17735,5
17736,5
17737,5
17738,5
17739,5
17740,5
17741,5
17742,5
17743,5
17744,5
17745,4
17746,5
17747,5
17748,5
17749,5
17750,5
17751,5
17752,5
17753,5
17754,5
17755,4
17756,5
17757,5
17758,5
17759,5
17760,5
17761,5
17762,5
17763,5
17764,5
17765,5
17766,5
17767,5
17768,5
17769,5
17770,5
17771,5
17772,5
17773,5
17774,5
17775,5
17776,5
17777,5
17778,5
17779,5
17780,5
17781,5
17782,5
17783,5
17784,5
17785,5
17786,5
17787,5
17788,5
17789,5
17790,5
17791,5
17792,5
17793,5
17794,5
17795,5
17796,5
17797,5
17798,5
17799,5
17800,5
17801,5
17802,5
17803,5
17804,5
17805,5
17806,5
17807,5
17808,5
17809,5
17810,5
17811,5
17812,5
17813,5
17814,5
17815,5
17816,5
17817,5
17818,5
17819,5
17820,5
17821,5
17822,5
17823,5
17824,5
17825,5
17826,5
17827,5
17828,5
17829,5
17830,5
17831,4
17832,5
17833,4
17834,5
17835,5
17836,5
17837,5
17838,5
17839,5
17840,5
17841,5
17842,5
17843,5
17844,5
17845,5
17846,5
17847,5
17848,5
17849,5
17850,5
17851,5
17852,5
17853,5
17854,5
17855,5
17856,5
17857,5
17858,5
17859,4
17860,5
17861,5
17862,5
17863,5
17864,5
17865,5
17866,5
17867,5
17868,5
17869,4
17870,5
17871,5
17872,5
17873,5
17874,5
17875,5
17876,5
17877,5
17878,5
17879,5
17880,5
17881,5
17882,5
17883,5
17884,4
17885,5
17886,5
17887,4
17888,5
17889,5
17890,5
17891,5
17892,5
17893,5
17894,5
17895,5
17896,5
17897,5
17898,5
17899,5
17900,5
17901,5
17902,5
17903,5
17904,5
17905,5
17906,5
17907,5
17908,5
17909,5
17910,5
17911,5
17912,5
17913,1
17914,5
17915,4
17916,5
17917,5
17918,5
17919,5
17920,4
17921,5
17922,5
17923,5
17924,5
17925,5
17926,5
17927,5
17928,5
17929,5
17930,5
17931,5
17932,5
17933,5
17934,5
17935,5
17936,5
17937,5
17938,5
17939,5
17940,5
17941,5
17942,5
17943,5
17944,5
17945,5
17946,5
17947,5
17948,5
17949,5
17950,5
17951,5
17952,5
17953,5
17954,5
17955,5
17956,5
17957,5
17958,5
17959,5
17960,5
17961,5
17962,5
17963,5
17964,5
17965,5
17966,5
17967,5
17968,5
17969,5
17970,5
17971,5
17972,5
17973,4
17974,1
17975,5
17976,5
17977,5
17978,5
17979,5
17980,5
17981,5
17982,5
17983,5
17984,5
17985,5
17986,3
17987,5
17988,5
17989,5
17990,5
17991,5
17992,4
17993,5
17994,5
17995,5
17996,5
17997,5
17998,5
17999,5
18000,5
18001,5
18002,5
18003,5
18004,5
18005,5
18006,5
18007,5
18008,5
18009,4
18010,5
18011,5
18012,5
18013,5
18014,5
18015,5
18016,5
18017,2
18018,5
18019,5
18020,5
18021,5
18022,5
18023,5
18024,5
18025,5
18026,5
18027,5
18028,5
18029,5
18030,5
18031,5
18032,5
18033,5
18034,5
18035,5
18036,5
18037,5
18038,5
18039,5
18040,5
18041,5
18042,5
18043,5
18044,5
18045,5
18046,5
18047,5
18048,5
18049,5
18050,5
18051,5
18052,5
18053,5
18054,4
18055,5
18056,5
18057,5
18058,5
18059,5
18060,5
18061,5
18062,5
18063,5
18064,5
18065,5
18066,5
18067,2
18068,5
18069,5
18070,5
18071,5
18072,5
18073,5
18074,5
18075,5
18076,5
18077,5
18078,5
18079,5
18080,5
18081,5
18082,5
18083,5
18084,4
18085,5
18086,5
18087,5
18088,5
18089,5
18090,1
18091,5
18092,5
18093,5
18094,5
18095,5
18096,1
18097,5
18098,5
18099,5
18100,5
18101,5
18102,5
18103,5
18104,5
18105,5
18106,5
18107,5
18108,5
18109,5
18110,5
18111,5
18112,5
18113,5
18114,5
18115,5
18116,4
18117,5
18118,5
18119,5
18120,5
18121,5
18122,5
18123,5
18124,4
18125,5
18126,5
18127,5
18128,5
18129,5
18130,5
18131,5
18132,5
18133,5
18134,5
18135,5
18136,5
18137,5
18138,5
18139,5
18140,5
18141,5
18142,5
18143,5
18144,5
18145,5
18146,5
18147,5
18148,5
18149,5
18150,5
18151,5
18152,5
18153,5
18154,5
18155,5
18156,5
18157,5
18158,5
18159,5
18160,5
18161,5
18162,5
18163,5
18164,5
18165,5
18166,5
18167,4
18168,5
18169,3
18170,5
18171,5
18172,5
18173,5
18174,5
18175,5
18176,5
18177,5
18178,5
18179,5
18180,5
18181,5
18182,5
18183,5
18184,5
18185,5
18186,5
18187,5
18188,5
18189,5
18190,5
18191,5
18192,5
18193,5
18194,5
18195,4
18196,5
18197,5
18198,5
18199,5
18200,5
18201,5
18202,5
18203,5
18204,4
18205,5
18206,5
18207,5
18208,5
18209,5
18210,5
18211,5
18212,5
18213,5
18214,5
18215,5
18216,5
18217,5
18218,5
18219,5
18220,5
18221,5
18222,4
18223,5
18224,5
18225,5
18226,4
18227,5
18228,5
18229,5
18230,5
18231,4
18232,1
18233,5
18234,5
18235,5
18236,5
18237,3
18238,5
18239,5
18240,5
18241,5
18242,5
18243,5
18244,5
18245,5
18246,5
18247,5
18248,5
18249,5
18250,5
18251,5
18252,5
18253,5
18254,5
18255,5
18256,5
18257,5
18258,1
18259,5
18260,5
18261,5
18262,3
18263,5
18264,5
18265,5
18266,5
18267,5
18268,5
18269,5
18270,5
18271,5
18272,5
18273,5
18274,5
18275,5
18276,5
18277,5
18278,5
18279,5
18280,5
18281,5
18282,5
18283,5
18284,5
18285,5
18286,5
18287,5
18288,5
18289,5
18290,5
18291,5
18292,5
18293,5
18294,5
18295,5
18296,5
18297,5
18298,5
18299,5
18300,5
18301,5
18302,5
18303,5
18304,5
18305,5
18306,4
18307,5
18308,5
18309,5
18310,5
18311,5
18312,5
18313,5
18314,5
18315,5
18316,5
18317,5
18318,3
18319,5
18320,5
18321,5
18322,5
18323,1
18324,5
18325,5
18326,5
18327,5
18328,5
18329,5
18330,5
18331,5
18332,5
18333,5
18334,5
18335,5
18336,5
18337,5
18338,5
18339,5
18340,4
18341,5
18342,5
18343,5
18344,5
18345,5
18346,1
18347,5
18348,5
18349,5
18350,4
18351,5
18352,5
18353,5
18354,4
18355,5
18356,5
18357,5
18358,5
18359,5
18360,5
18361,4
18362,5
18363,5
18364,5
18365,5
18366,5
18367,5
18368,5
18369,5
18370,5
18371,5
18372,5
18373,5
18374,5
18375,5
18376,5
18377,5
18378,4
18379,5
18380,5
18381,5
18382,5
18383,5
18384,5
18385,5
18386,5
18387,5
18388,3
18389,5
18390,5
18391,5
18392,5
18393,5
18394,5
18395,5
18396,5
18397,5
18398,5
18399,5
18400,5
18401,5
18402,5
18403,5
18404,5
18405,5
18406,5
18407,5
18408,5
18409,4
18410,5
18411,4
18412,5
18413,5
18414,5
18415,5
18416,5
18417,5
18418,5
18419,5
18420,4
18421,5
18422,5
18423,5
18424,5
18425,5
18426,5
18427,4
18428,5
18429,5
18430,5
18431,4
18432,5
18433,5
18434,5
18435,4
18436,5
18437,5
18438,5
18439,5
18440,5
18441,5
18442,5
18443,5
18444,5
18445,5
18446,5
18447,5
18448,5
18449,5
18450,5
18451,3
18452,5
18453,5
18454,5
18455,5
18456,5
18457,5
18458,5
18459,5
18460,5
18461,4
18462,5
18463,5
18464,5
18465,5
18466,5
18467,5
18468,3
18469,5
18470,5
18471,5
18472,5
18473,5
18474,5
18475,5
18476,1
18477,5
18478,5
18479,5
18480,5
18481,5
18482,4
18483,5
18484,5
18485,5
18486,5
18487,5
18488,1
18489,5
18490,5
18491,5
18492,5
18493,5
18494,4
18495,5
18496,5
18497,4
18498,5
18499,5
18500,5
18501,5
18502,5
18503,5
18504,5
18505,5
18506,5
18507,5
18508,5
18509,5
18510,5
18511,5
18512,5
18513,5
18514,5
18515,5
18516,5
18517,5
18518,5
18519,5
18520,5
18521,5
18522,5
18523,5
18524,5
18525,5
18526,5
18527,4
18528,5
18529,5
18530,5
18531,5
18532,5
18533,5
18534,5
18535,5
18536,5
18537,1
18538,5
18539,5
18540,5
18541,5
18542,5
18543,5
18544,5
18545,5
18546,5
18547,5
18548,5
18549,5
18550,5
18551,5
18552,4
18553,5
18554,5
18555,5
18556,5
18557,5
18558,5
18559,5
18560,5
18561,5
18562,5
18563,5
18564,5
18565,5
18566,5
18567,4
18568,5
18569,5
18570,5
18571,5
18572,5
18573,5
18574,5
18575,4
18576,5
18577,5
18578,5
18579,5
18580,5
18581,4
18582,5
18583,5
18584,4
18585,5
18586,5
18587,5
18588,5
18589,5
18590,5
18591,3
18592,5
18593,1
18594,5
18595,5
18596,5
18597,5
18598,5
18599,5
18600,5
18601,5
18602,5
18603,4
18604,5
18605,5
18606,5
18607,5
18608,4
18609,4
18610,5
18611,5
18612,5
18613,5
18614,5
18615,5
18616,4
18617,1
18618,5
18619,5
18620,5
18621,5
18622,5
18623,5
18624,5
18625,5
18626,5
18627,5
18628,5
18629,5
18630,5
18631,5
18632,5
18633,4
18634,5
18635,5
18636,5
18637,5
18638,4
18639,5
18640,1
18641,5
18642,5
18643,5
18644,5
18645,5
18646,5
18647,5
18648,5
18649,1
18650,5
18651,5
18652,4
18653,5
18654,5
18655,5
18656,5
18657,5
18658,5
18659,5
18660,5
18661,5
18662,5
18663,5
18664,5
18665,5
18666,5
18667,5
18668,5
18669,5
18670,5
18671,5
18672,5
18673,5
18674,5
18675,5
18676,5
18677,5
18678,5
18679,5
18680,5
18681,4
18682,5
18683,5
18684,5
18685,5
18686,5
18687,4
18688,5
18689,4
18690,5
18691,5
18692,5
18693,5
18694,1
18695,5
18696,4
18697,5
18698,5
18699,5
18700,5
18701,1
18702,5
18703,5
18704,5
18705,5
18706,5
18707,5
18708,5
18709,5
18710,5
18711,5
18712,5
18713,5
18714,5
18715,5
18716,5
18717,5
18718,4
18719,5
18720,5
18721,5
18722,5
18723,5
18724,5
18725,5
18726,5
18727,5
18728,5
18729,5
18730,5
18731,5
18732,5
18733,4
18734,5
18735,5
18736,5
18737,5
18738,5
18739,5
18740,4
18741,5
18742,5
18743,2
18744,5
18745,5
18746,5
18747,5
18748,5
18749,5
18750,5
18751,5
18752,5
18753,5
18754,5
18755,5
18756,5
18757,5
18758,5
18759,5
18760,5
18761,5
18762,5
18763,5
18764,5
18765,5
18766,5
18767,5
18768,5
18769,5
18770,5
18771,5
18772,5
18773,5
18774,5
18775,5
18776,5
18777,5
18778,5
18779,5
18780,5
18781,5
18782,5
18783,5
18784,5
18785,5
18786,5
18787,5
18788,5
18789,5
18790,5
18791,5
18792,5
18793,5
18794,5
18795,5
18796,5
18797,5
18798,5
18799,5
18800,5
18801,4
18802,5
18803,5
18804,5
18805,5
18806,5
18807,4
18808,5
18809,5
18810,5
18811,4
18812,5
18813,5
18814,5
18815,5
18816,5
18817,5
18818,5
18819,5
18820,5
18821,5
18822,5
18823,5
18824,5
18825,4
18826,5
18827,5
18828,5
18829,5
18830,5
18831,5
18832,5
18833,5
18834,5
18835,5
18836,5
18837,5
18838,5
18839,5
18840,5
18841,5
18842,5
18843,5
18844,5
18845,5
18846,5
18847,5
18848,5
18849,5
18850,2
18851,5
18852,5
18853,5
18854,5
18855,5
18856,3
18857,5
18858,5
18859,5
18860,5
18861,5
18862,4
18863,5
18864,5
18865,5
18866,5
18867,5
18868,5
18869,5
18870,5
18871,5
18872,5
18873,5
18874,5
18875,5
18876,5
18877,5
18878,5
18879,5
18880,5
18881,5
18882,5
18883,5
18884,4
18885,5
18886,5
18887,5
18888,5
18889,5
18890,5
18891,5
18892,5
18893,5
18894,5
18895,5
18896,5
18897,5
18898,5
18899,5
18900,5
18901,5
18902,5
18903,5
18904,5
18905,5
18906,5
18907,5
18908,5
18909,5
18910,5
18911,5
18912,5
18913,5
18914,5
18915,5
18916,5
18917,5
18918,5
18919,5
18920,5
18921,5
18922,5
18923,5
18924,5
18925,4
18926,5
18927,5
18928,5
18929,5
18930,5
18931,5
18932,5
18933,5
18934,4
18935,5
18936,5
18937,5
18938,5
18939,5
18940,5
18941,5
18942,5
18943,5
18944,5
18945,5
18946,5
18947,5
18948,5
18949,5
18950,3
18951,5
18952,5
18953,5
18954,5
18955,5
18956,5
18957,5
18958,5
18959,5
18960,5
18961,5
18962,5
18963,5
18964,5
18965,5
18966,5
18967,5
18968,5
18969,5
18970,5
18971,5
18972,5
18973,5
18974,5
18975,5
18976,5
18977,5
18978,5
18979,4
18980,5
18981,5
18982,5
18983,5
18984,5
18985,5
18986,5
18987,5
18988,5
18989,5
18990,5
18991,5
18992,5
18993,5
18994,5
18995,5
18996,5
18997,5
18998,5
18999,5
19000,5
19001,4
19002,5
19003,5
19004,5
19005,5
19006,5
19007,5
19008,5
19009,5
19010,5
19011,5
19012,5
19013,4
19014,5
19015,5
19016,5
19017,5
19018,5
19019,5
19020,5
19021,4
19022,5
19023,5
19024,5
19025,5
19026,5
19027,4
19028,5
19029,5
19030,5
19031,5
19032,5
19033,5
19034,5
19035,5
19036,5
19037,5
19038,5
19039,5
19040,5
19041,5
19042,4
19043,5
19044,4
19045,5
19046,3
19047,5
19048,5
19049,5
19050,5
19051,5
19052,5
19053,5
19054,5
19055,5
19056,5
19057,5
19058,5
19059,5
19060,5
19061,5
19062,5
19063,5
19064,5
19065,5
19066,5
19067,5
19068,5
19069,5
19070,5
19071,5
19072,5
19073,5
19074,5
19075,5
19076,5
19077,5
19078,5
19079,5
19080,5
19081,5
19082,5
19083,5
19084,5
19085,5
19086,5
19087,5
19088,5
19089,5
19090,3
19091,5
19092,5
19093,4
19094,5
19095,5
19096,5
19097,5
19098,5
19099,5
19100,5
19101,5
19102,5
19103,5
19104,5
19105,5
19106,5
19107,5
19108,5
19109,5
19110,5
19111,5
19112,5
19113,5
19114,5
19115,5
19116,5
19117,5
19118,5
19119,5
19120,5
19121,5
19122,5
19123,5
19124,5
19125,5
19126,5
19127,5
19128,5
19129,5
19130,5
19131,5
19132,5
19133,5
19134,5
19135,4
19136,5
19137,5
19138,4
19139,4
19140,5
19141,5
19142,5
19143,5
19144,5
19145,5
19146,5
19147,5
19148,5
19149,5
19150,5
19151,5
19152,5
19153,5
19154,5
19155,5
19156,5
19157,5
19158,5
19159,5
19160,5
19161,5
19162,5
19163,5
19164,5
19165,5
19166,5
19167,5
19168,4
19169,5
19170,5
19171,5
19172,5
19173,5
19174,5
19175,5
19176,5
19177,5
19178,5
19179,5
19180,5
19181,4
19182,5
19183,5
19184,5
19185,5
19186,5
19187,5
19188,5
19189,5
19190,5
19191,5
19192,5
19193,5
19194,5
19195,5
19196,5
19197,5
19198,5
19199,5
19200,5
19201,5
19202,5
19203,5
19204,5
19205,5
19206,5
19207,5
19208,5
19209,5
19210,5
19211,3
19212,5
19213,5
19214,5
19215,5
19216,5
19217,5
19218,5
19219,5
19220,4
19221,5
19222,5
19223,5
19224,5
19225,5
19226,5
19227,5
19228,5
19229,3
19230,5
19231,5
19232,5
19233,5
19234,5
19235,5
19236,5
19237,5
19238,5
19239,5
19240,5
19241,5
19242,5
19243,5
19244,5
19245,4
19246,5
19247,5
19248,5
19249,5
19250,4
19251,5
19252,5
19253,5
19254,5
19255,5
19256,5
19257,5
19258,5
19259,5
19260,5
19261,5
19262,5
19263,5
19264,5
19265,5
19266,5
19267,5
19268,5
19269,5
19270,5
19271,5
19272,5
19273,5
19274,5
19275,5
19276,5
19277,5
19278,4
19279,5
19280,5
19281,5
19282,5
19283,5
19284,5
19285,5
19286,5
19287,5
19288,5
19289,5
19290,4
19291,5
19292,5
19293,5
19294,5
19295,5
19296,5
19297,5
19298,5
19299,5
19300,5
19301,5
19302,5
19303,5
19304,5
19305,5
19306,1
19307,5
19308,3
19309,5
19310,5
19311,5
19312,5
19313,5
19314,5
19315,5
19316,5
19317,5
19318,5
19319,5
19320,5
19321,5
19322,5
19323,5
19324,5
19325,5
19326,5
19327,5
19328,5
19329,5
19330,5
19331,5
19332,5
19333,4
19334,4
19335,4
19336,5
19337,5
19338,5
19339,5
19340,5
19341,4
19342,5
19343,5
19344,5
19345,5
19346,5
19347,5
19348,5
19349,4
19350,5
19351,5
19352,5
19353,5
19354,5
19355,5
19356,5
19357,5
19358,5
19359,5
19360,5
19361,5
19362,5
19363,5
19364,5
19365,5
19366,5
19367,5
19368,5
19369,5
19370,5
19371,5
19372,5
19373,5
19374,5
19375,5
19376,5
19377,5
19378,5
19379,5
19380,5
19381,5
19382,5
19383,5
19384,5
19385,5
19386,5
19387,5
19388,5
19389,5
19390,5
19391,5
19392,5
19393,5
19394,5
19395,5
19396,5
19397,5
19398,5
19399,5
19400,5
19401,5
19402,5
19403,5
19404,4
19405,5
19406,5
19407,5
19408,5
19409,5
19410,4
19411,5
19412,5
19413,5
19414,5
19415,5
19416,5
19417,5
19418,4
19419,5
19420,5
19421,5
19422,5
19423,5
19424,5
19425,5
19426,5
19427,5
19428,5
19429,5
19430,5
19431,5
19432,5
19433,5
19434,5
19435,5
19436,5
19437,5
19438,5
19439,5
19440,5
19441,1
19442,5
19443,5
19444,5
19445,5
19446,4
19447,5
19448,4
19449,5
19450,5
19451,5
19452,5
19453,5
19454,2
19455,5
19456,5
19457,5
19458,5
19459,5
19460,5
19461,5
19462,5
19463,5
19464,5
19465,5
19466,5
19467,5
19468,5
19469,5
19470,5
19471,5
19472,5
19473,4
19474,5
19475,5
19476,5
19477,5
19478,5
19479,5
19480,5
19481,5
19482,5
19483,5
19484,4
19485,5
19486,5
19487,5
19488,5
19489,5
19490,5
19491,5
19492,5
19493,5
19494,5
19495,5
19496,5
19497,5
19498,5
19499,5
19500,5
19501,5
19502,5
19503,5
19504,5
19505,5
19506,5
19507,5
19508,4
19509,4
19510,5
19511,5
19512,5
19513,5
19514,5
19515,5
19516,5
19517,5
19518,5
19519,5
19520,5
19521,5
19522,1
19523,5
19524,5
19525,5
19526,5
19527,5
19528,5
19529,5
19530,5
19531,5
19532,5
19533,5
19534,5
19535,5
19536,5
19537,5
19538,5
19539,5
19540,5
19541,5
19542,5
19543,5
19544,5
19545,5
19546,5
19547,5
19548,5
19549,5
19550,5
19551,4
19552,5
19553,5
19554,1
19555,5
19556,5
19557,5
19558,5
19559,5
19560,5
19561,5
19562,5
19563,4
19564,5
19565,5
19566,5
19567,5
19568,5
19569,5
19570,5
19571,5
19572,5
19573,5
19574,5
19575,5
19576,5
19577,5
19578,5
19579,5
19580,5
19581,5
19582,5
19583,5
19584,5
19585,5
19586,5
19587,5
19588,5
19589,5
19590,5
19591,5
19592,5
19593,5
19594,5
19595,5
19596,5
19597,5
19598,5
19599,5
19600,5
19601,5
19602,5
19603,5
19604,5
19605,5
19606,5
19607,5
19608,5
19609,5
19610,1
19611,5
19612,5
19613,1
19614,5
19615,5
19616,5
19617,5
19618,5
19619,5
19620,5
19621,5
19622,5
19623,1
19624,5
19625,5
19626,5
19627,5
19628,4
19629,5
19630,5
19631,5
19632,5
19633,5
19634,5
19635,5
19636,5
19637,5
19638,5
19639,5
19640,5
19641,5
19642,5
19643,5
19644,5
19645,5
19646,5
19647,5
19648,5
19649,5
19650,5
19651,5
19652,5
19653,5
19654,5
19655,5
19656,5
19657,5
19658,1
19659,4
19660,5
19661,5
19662,4
19663,5
19664,5
19665,5
19666,5
19667,5
19668,5
19669,5
19670,5
19671,5
19672,5
19673,5
19674,5
19675,5
19676,3
19677,5
19678,5
19679,5
19680,5
19681,4
19682,5
19683,5
19684,5
19685,5
19686,5
19687,5
19688,5
19689,5
19690,5
19691,5
19692,5
19693,5
19694,5
19695,5
19696,5
19697,5
19698,5
19699,5
19700,5
19701,5
19702,5
19703,5
19704,5
19705,4
19706,5
19707,5
19708,5
19709,5
19710,5
19711,4
19712,4
19713,5
19714,5
19715,5
19716,5
19717,5
19718,5
19719,5
19720,5
19721,5
19722,5
19723,5
19724,5
19725,5
19726,5
19727,5
19728,5
19729,5
19730,5
19731,5
19732,4
19733,5
19734,5
19735,5
19736,5
19737,5
19738,5
19739,5
19740,5
19741,5
19742,4
19743,5
19744,5
19745,5
19746,5
19747,5
19748,5
19749,5
19750,5
19751,5
19752,5
19753,5
19754,5
19755,1
19756,5
19757,5
19758,5
19759,5
19760,5
19761,5
19762,5
19763,5
19764,5
19765,5
19766,5
19767,5
19768,5
19769,5
19770,5
19771,5
19772,5
19773,5
19774,5
19775,3
19776,5
19777,5
19778,5
19779,5
19780,5
19781,5
19782,5
19783,5
19784,4
19785,5
19786,5
19787,5
19788,5
19789,5
19790,5
19791,5
19792,5
19793,5
19794,5
19795,5
19796,5
19797,5
19798,5
19799,5
19800,5
19801,5
19802,5
19803,5
19804,5
19805,5
19806,5
19807,4
19808,5
19809,5
19810,5
19811,5
19812,5
19813,5
19814,5
19815,5
19816,5
19817,5
19818,5
19819,5
19820,5
19821,4
19822,5
19823,5
19824,5
19825,5
19826,5
19827,4
19828,5
19829,5
19830,5
19831,5
19832,5
19833,4
19834,5
19835,4
19836,5
19837,5
19838,2
19839,5
19840,5
19841,1
19842,5
19843,4
19844,5
19845,5
19846,5
19847,5
19848,5
19849,4
19850,5
19851,5
19852,5
19853,5
19854,5
19855,5
19856,5
19857,5
19858,5
19859,5
19860,5
19861,5
19862,5
19863,5
19864,5
19865,5
19866,5
19867,5
19868,5
19869,5
19870,5
19871,5
19872,5
19873,5
19874,5
19875,5
19876,5
19877,5
19878,5
19879,5
19880,5
19881,3
19882,5
19883,5
19884,5
19885,5
19886,5
19887,5
19888,5
19889,5
19890,5
19891,5
19892,5
19893,5
19894,5
19895,5
19896,5
19897,5
19898,5
19899,5
19900,5
19901,5
19902,5
19903,5
19904,5
19905,5
19906,5
19907,5
19908,4
19909,5
19910,5
19911,5
19912,5
19913,5
19914,5
19915,4
19916,5
19917,5
19918,5
19919,5
19920,5
19921,5
19922,5
19923,5
19924,5
19925,5
19926,5
19927,5
19928,5
19929,5
19930,5
19931,1
19932,5
19933,5
19934,5
19935,5
19936,4
19937,5
19938,5
19939,5
19940,5
19941,5
19942,5
19943,5
19944,5
19945,5
19946,5
19947,5
19948,5
19949,5
19950,5
19951,5
19952,5
19953,5
19954,5
19955,5
19956,5
19957,5
19958,5
19959,1
19960,5
19961,5
19962,5
19963,5
19964,5
19965,5
19966,5
19967,5
19968,5
19969,5
19970,5
19971,5
19972,5
19973,5
19974,5
19975,5
19976,5
19977,5
19978,5
19979,5
19980,5
19981,5
19982,5
19983,5
19984,5
19985,5
19986,5
19987,5
19988,5
19989,4
19990,5
19991,5
19992,1
19993,5
19994,5
19995,5
19996,5
19997,5
19998,1
19999,4
